id,classifier,code,name,section_code,section_name,division_code,group_code,selectable,valid_from,source_url,active
kved_2010_01_11,kved_2010,01.11,"Вирощування зернових культур (крім рису), бобових культур і насіння олійних культур",A,"Сільське господарство, лісове господарство та рибне господарство",01,01.1,True,2012-01-01,https://stat.gov.ua/uk/page-contents/klasyfikatsiya-vydiv-ekonomichnoyi-diyalnosti-kved-0,True
kved_2010_01_12,kved_2010,01.12,Вирощування рису,A,"Сільське господарство, лісове господарство та рибне господарство",01,01.1,True,2012-01-01,https://stat.gov.ua/uk/page-contents/klasyfikatsiya-vydiv-ekonomichnoyi-diyalnosti-kved-0,True
kved_2010_01_13,kved_2010,01.13,"Вирощування овочів і баштанних культур, коренеплодів і бульбоплодів",A,"Сільське господарство, лісове господарство та рибне господарство",01,01.1,True,2012-01-01,https://stat.gov.ua/uk/page-contents/klasyfikatsiya-vydiv-ekonomichnoyi-diyalnosti-kved-0,True
kved_2010_01_14,kved_2010,01.14,Вирощування цукрової тростини,A,"Сільське господарство, лісове господарство та рибне господарство",01,01.1,True,2012-01-01,https://stat.gov.ua/uk/page-contents/klasyfikatsiya-vydiv-ekonomichnoyi-diyalnosti-kved-0,True
kved_2010_01_15,kved_2010,01.15,Вирощування тютюну,A,"Сільське господарство, лісове господарство та рибне господарство",01,01.1,True,2012-01-01,https://stat.gov.ua/uk/page-contents/klasyfikatsiya-vydiv-ekonomichnoyi-diyalnosti-kved-0,True
kved_2010_01_16,kved_2010,01.16,Вирощування прядивних культур,A,"Сільське господарство, лісове господарство та рибне господарство",01,01.1,True,2012-01-01,https://stat.gov.ua/uk/page-contents/klasyfikatsiya-vydiv-ekonomichnoyi-diyalnosti-kved-0,True
kved_2010_01_19,kved_2010,01.19,Вирощування інших однорічних і дворічних культур,A,"Сільське господарство, лісове господарство та рибне господарство",01,01.1,True,2012-01-01,https://stat.gov.ua/uk/page-contents/klasyfikatsiya-vydiv-ekonomichnoyi-diyalnosti-kved-0,True
kved_2010_01_21,kved_2010,01.21,Вирощування винограду,A,"Сільське господарство, лісове господарство та рибне господарство",01,01.2,True,2012-01-01,https://stat.gov.ua/uk/page-contents/klasyfikatsiya-vydiv-ekonomichnoyi-diyalnosti-kved-0,True
kved_2010_01_22,kved_2010,01.22,Вирощування тропічних і субтропічних фруктів,A,"Сільське господарство, лісове господарство та рибне господарство",01,01.2,True,2012-01-01,https://stat.gov.ua/uk/page-contents/klasyfikatsiya-vydiv-ekonomichnoyi-diyalnosti-kved-0,True
kved_2010_01_23,kved_2010,01.23,Вирощування цитрусових,A,"Сільське господарство, лісове господарство та рибне господарство",01,01.2,True,2012-01-01,https://stat.gov.ua/uk/page-contents/klasyfikatsiya-vydiv-ekonomichnoyi-diyalnosti-kved-0,True
kved_2010_01_24,kved_2010,01.24,Вирощування зерняткових і кісточкових фруктів,A,"Сільське господарство, лісове господарство та рибне господарство",01,01.2,True,2012-01-01,https://stat.gov.ua/uk/page-contents/klasyfikatsiya-vydiv-ekonomichnoyi-diyalnosti-kved-0,True
kved_2010_01_25,kved_2010,01.25,"Вирощування ягід, горіхів, інших плодових дерев і чагарників",A,"Сільське господарство, лісове господарство та рибне господарство",01,01.2,True,2012-01-01,https://stat.gov.ua/uk/page-contents/klasyfikatsiya-vydiv-ekonomichnoyi-diyalnosti-kved-0,True
kved_2010_01_26,kved_2010,01.26,Вирощування олійних плодів,A,"Сільське господарство, лісове господарство та рибне господарство",01,01.2,True,2012-01-01,https://stat.gov.ua/uk/page-contents/klasyfikatsiya-vydiv-ekonomichnoyi-diyalnosti-kved-0,True
kved_2010_01_27,kved_2010,01.27,Вирощування культур для виробництва напоїв,A,"Сільське господарство, лісове господарство та рибне господарство",01,01.2,True,2012-01-01,https://stat.gov.ua/uk/page-contents/klasyfikatsiya-vydiv-ekonomichnoyi-diyalnosti-kved-0,True
kved_2010_01_28,kved_2010,01.28,"Вирощування пряних, ароматичних і лікарських культур",A,"Сільське господарство, лісове господарство та рибне господарство",01,01.2,True,2012-01-01,https://stat.gov.ua/uk/page-contents/klasyfikatsiya-vydiv-ekonomichnoyi-diyalnosti-kved-0,True
kved_2010_01_29,kved_2010,01.29,Вирощування інших багаторічних культур,A,"Сільське господарство, лісове господарство та рибне господарство",01,01.2,True,2012-01-01,https://stat.gov.ua/uk/page-contents/klasyfikatsiya-vydiv-ekonomichnoyi-diyalnosti-kved-0,True
kved_2010_01_30,kved_2010,01.30,Відтворення рослин,A,"Сільське господарство, лісове господарство та рибне господарство",01,01.3,True,2012-01-01,https://stat.gov.ua/uk/page-contents/klasyfikatsiya-vydiv-ekonomichnoyi-diyalnosti-kved-0,True
kved_2010_01_41,kved_2010,01.41,Розведення великої рогатої худоби молочних порід,A,"Сільське господарство, лісове господарство та рибне господарство",01,01.4,True,2012-01-01,https://stat.gov.ua/uk/page-contents/klasyfikatsiya-vydiv-ekonomichnoyi-diyalnosti-kved-0,True
kved_2010_01_42,kved_2010,01.42,Розведення іншої великої рогатої худоби та буйволів,A,"Сільське господарство, лісове господарство та рибне господарство",01,01.4,True,2012-01-01,https://stat.gov.ua/uk/page-contents/klasyfikatsiya-vydiv-ekonomichnoyi-diyalnosti-kved-0,True
kved_2010_01_43,kved_2010,01.43,Розведення коней та інших тварин родини конячих,A,"Сільське господарство, лісове господарство та рибне господарство",01,01.4,True,2012-01-01,https://stat.gov.ua/uk/page-contents/klasyfikatsiya-vydiv-ekonomichnoyi-diyalnosti-kved-0,True
kved_2010_01_44,kved_2010,01.44,Розведення верблюдів та інших тварин родини верблюдячих,A,"Сільське господарство, лісове господарство та рибне господарство",01,01.4,True,2012-01-01,https://stat.gov.ua/uk/page-contents/klasyfikatsiya-vydiv-ekonomichnoyi-diyalnosti-kved-0,True
kved_2010_01_45,kved_2010,01.45,Розведення овець і кіз,A,"Сільське господарство, лісове господарство та рибне господарство",01,01.4,True,2012-01-01,https://stat.gov.ua/uk/page-contents/klasyfikatsiya-vydiv-ekonomichnoyi-diyalnosti-kved-0,True
kved_2010_01_46,kved_2010,01.46,Розведення свиней,A,"Сільське господарство, лісове господарство та рибне господарство",01,01.4,True,2012-01-01,https://stat.gov.ua/uk/page-contents/klasyfikatsiya-vydiv-ekonomichnoyi-diyalnosti-kved-0,True
kved_2010_01_47,kved_2010,01.47,Розведення свійської птиці,A,"Сільське господарство, лісове господарство та рибне господарство",01,01.4,True,2012-01-01,https://stat.gov.ua/uk/page-contents/klasyfikatsiya-vydiv-ekonomichnoyi-diyalnosti-kved-0,True
kved_2010_01_49,kved_2010,01.49,Розведення інших тварин,A,"Сільське господарство, лісове господарство та рибне господарство",01,01.4,True,2012-01-01,https://stat.gov.ua/uk/page-contents/klasyfikatsiya-vydiv-ekonomichnoyi-diyalnosti-kved-0,True
kved_2010_01_50,kved_2010,01.50,Змішане сільське господарство,A,"Сільське господарство, лісове господарство та рибне господарство",01,01.5,True,2012-01-01,https://stat.gov.ua/uk/page-contents/klasyfikatsiya-vydiv-ekonomichnoyi-diyalnosti-kved-0,True
kved_2010_01_61,kved_2010,01.61,Допоміжна діяльність у рослинництві,A,"Сільське господарство, лісове господарство та рибне господарство",01,01.6,True,2012-01-01,https://stat.gov.ua/uk/page-contents/klasyfikatsiya-vydiv-ekonomichnoyi-diyalnosti-kved-0,True
kved_2010_01_62,kved_2010,01.62,Допоміжна діяльність у тваринництві,A,"Сільське господарство, лісове господарство та рибне господарство",01,01.6,True,2012-01-01,https://stat.gov.ua/uk/page-contents/klasyfikatsiya-vydiv-ekonomichnoyi-diyalnosti-kved-0,True
kved_2010_01_63,kved_2010,01.63,Післяурожайна діяльність,A,"Сільське господарство, лісове господарство та рибне господарство",01,01.6,True,2012-01-01,https://stat.gov.ua/uk/page-contents/klasyfikatsiya-vydiv-ekonomichnoyi-diyalnosti-kved-0,True
kved_2010_01_64,kved_2010,01.64,Оброблення насіння для відтворення,A,"Сільське господарство, лісове господарство та рибне господарство",01,01.6,True,2012-01-01,https://stat.gov.ua/uk/page-contents/klasyfikatsiya-vydiv-ekonomichnoyi-diyalnosti-kved-0,True
kved_2010_01_70,kved_2010,01.70,"Мисливство, відловлювання тварин і надання пов'язаних із ними послуг",A,"Сільське господарство, лісове господарство та рибне господарство",01,01.7,True,2012-01-01,https://stat.gov.ua/uk/page-contents/klasyfikatsiya-vydiv-ekonomichnoyi-diyalnosti-kved-0,True
kved_2010_02_10,kved_2010,02.10,Лісівництво та інша діяльність у лісовому господарстві,A,"Сільське господарство, лісове господарство та рибне господарство",02,02.1,True,2012-01-01,https://stat.gov.ua/uk/page-contents/klasyfikatsiya-vydiv-ekonomichnoyi-diyalnosti-kved-0,True
kved_2010_02_20,kved_2010,02.20,Лісозаготівлі,A,"Сільське господарство, лісове господарство та рибне господарство",02,02.2,True,2012-01-01,https://stat.gov.ua/uk/page-contents/klasyfikatsiya-vydiv-ekonomichnoyi-diyalnosti-kved-0,True
kved_2010_02_30,kved_2010,02.30,Збирання дикорослих недеревних продуктів,A,"Сільське господарство, лісове господарство та рибне господарство",02,02.3,True,2012-01-01,https://stat.gov.ua/uk/page-contents/klasyfikatsiya-vydiv-ekonomichnoyi-diyalnosti-kved-0,True
kved_2010_02_40,kved_2010,02.40,Надання допоміжних послуг у лісовому господарстві,A,"Сільське господарство, лісове господарство та рибне господарство",02,02.4,True,2012-01-01,https://stat.gov.ua/uk/page-contents/klasyfikatsiya-vydiv-ekonomichnoyi-diyalnosti-kved-0,True
kved_2010_03_11,kved_2010,03.11,Морське рибальство,A,"Сільське господарство, лісове господарство та рибне господарство",03,03.1,True,2012-01-01,https://stat.gov.ua/uk/page-contents/klasyfikatsiya-vydiv-ekonomichnoyi-diyalnosti-kved-0,True
kved_2010_03_12,kved_2010,03.12,Прісноводне рибальство,A,"Сільське господарство, лісове господарство та рибне господарство",03,03.1,True,2012-01-01,https://stat.gov.ua/uk/page-contents/klasyfikatsiya-vydiv-ekonomichnoyi-diyalnosti-kved-0,True
kved_2010_03_21,kved_2010,03.21,Морське рибництво (аквакультура),A,"Сільське господарство, лісове господарство та рибне господарство",03,03.2,True,2012-01-01,https://stat.gov.ua/uk/page-contents/klasyfikatsiya-vydiv-ekonomichnoyi-diyalnosti-kved-0,True
kved_2010_03_22,kved_2010,03.22,Прісноводне рибництво (аквакультура),A,"Сільське господарство, лісове господарство та рибне господарство",03,03.2,True,2012-01-01,https://stat.gov.ua/uk/page-contents/klasyfikatsiya-vydiv-ekonomichnoyi-diyalnosti-kved-0,True
kved_2010_05_10,kved_2010,05.10,Добування кам'яного вугілля,B,Добувна промисловість і розроблення кар’єрів,05,05.1,True,2012-01-01,https://stat.gov.ua/uk/page-contents/klasyfikatsiya-vydiv-ekonomichnoyi-diyalnosti-kved-0,True
kved_2010_05_20,kved_2010,05.20,Добування бурого вугілля,B,Добувна промисловість і розроблення кар’єрів,05,05.2,True,2012-01-01,https://stat.gov.ua/uk/page-contents/klasyfikatsiya-vydiv-ekonomichnoyi-diyalnosti-kved-0,True
kved_2010_06_10,kved_2010,06.10,Добування сирої нафти,B,Добувна промисловість і розроблення кар’єрів,06,06.1,True,2012-01-01,https://stat.gov.ua/uk/page-contents/klasyfikatsiya-vydiv-ekonomichnoyi-diyalnosti-kved-0,True
kved_2010_06_20,kved_2010,06.20,Добування природного газу,B,Добувна промисловість і розроблення кар’єрів,06,06.2,True,2012-01-01,https://stat.gov.ua/uk/page-contents/klasyfikatsiya-vydiv-ekonomichnoyi-diyalnosti-kved-0,True
kved_2010_07_10,kved_2010,07.10,Добування залізних руд,B,Добувна промисловість і розроблення кар’єрів,07,07.1,True,2012-01-01,https://stat.gov.ua/uk/page-contents/klasyfikatsiya-vydiv-ekonomichnoyi-diyalnosti-kved-0,True
kved_2010_07_21,kved_2010,07.21,Добування уранових і торієвих руд,B,Добувна промисловість і розроблення кар’єрів,07,07.2,True,2012-01-01,https://stat.gov.ua/uk/page-contents/klasyfikatsiya-vydiv-ekonomichnoyi-diyalnosti-kved-0,True
kved_2010_07_29,kved_2010,07.29,Добування руд інших кольорових металів,B,Добувна промисловість і розроблення кар’єрів,07,07.2,True,2012-01-01,https://stat.gov.ua/uk/page-contents/klasyfikatsiya-vydiv-ekonomichnoyi-diyalnosti-kved-0,True
kved_2010_08_11,kved_2010,08.11,"Добування декоративного та будівельного каменю, вапняку, гіпсу, крейди та глинистого сланцю",B,Добувна промисловість і розроблення кар’єрів,08,08.1,True,2012-01-01,https://stat.gov.ua/uk/page-contents/klasyfikatsiya-vydiv-ekonomichnoyi-diyalnosti-kved-0,True
kved_2010_08_12,kved_2010,08.12,"Добування піску, гравію, глин і каоліну",B,Добувна промисловість і розроблення кар’єрів,08,08.1,True,2012-01-01,https://stat.gov.ua/uk/page-contents/klasyfikatsiya-vydiv-ekonomichnoyi-diyalnosti-kved-0,True
kved_2010_08_91,kved_2010,08.91,Добування мінеральної сировини для хімічної промисловості та виробництва мінеральних добрив,B,Добувна промисловість і розроблення кар’єрів,08,08.9,True,2012-01-01,https://stat.gov.ua/uk/page-contents/klasyfikatsiya-vydiv-ekonomichnoyi-diyalnosti-kved-0,True
kved_2010_08_92,kved_2010,08.92,Добування торфу,B,Добувна промисловість і розроблення кар’єрів,08,08.9,True,2012-01-01,https://stat.gov.ua/uk/page-contents/klasyfikatsiya-vydiv-ekonomichnoyi-diyalnosti-kved-0,True
kved_2010_08_93,kved_2010,08.93,Добування солі,B,Добувна промисловість і розроблення кар’єрів,08,08.9,True,2012-01-01,https://stat.gov.ua/uk/page-contents/klasyfikatsiya-vydiv-ekonomichnoyi-diyalnosti-kved-0,True
kved_2010_08_99,kved_2010,08.99,"Добування інших корисних копалин та розроблення кар'єрів, н.в.і.у.",B,Добувна промисловість і розроблення кар’єрів,08,08.9,True,2012-01-01,https://stat.gov.ua/uk/page-contents/klasyfikatsiya-vydiv-ekonomichnoyi-diyalnosti-kved-0,True
kved_2010_09_10,kved_2010,09.10,Надання допоміжних послуг у сфері добування нафти та природного газу,B,Добувна промисловість і розроблення кар’єрів,09,09.1,True,2012-01-01,https://stat.gov.ua/uk/page-contents/klasyfikatsiya-vydiv-ekonomichnoyi-diyalnosti-kved-0,True
kved_2010_09_90,kved_2010,09.90,Надання допоміжних послуг у сфері добування інших корисних копалин та розроблення кар'єрів,B,Добувна промисловість і розроблення кар’єрів,09,09.9,True,2012-01-01,https://stat.gov.ua/uk/page-contents/klasyfikatsiya-vydiv-ekonomichnoyi-diyalnosti-kved-0,True
kved_2010_10_11,kved_2010,10.11,Виробництво м'яса,C,Переробна промисловість,10,10.1,True,2012-01-01,https://stat.gov.ua/uk/page-contents/klasyfikatsiya-vydiv-ekonomichnoyi-diyalnosti-kved-0,True
kved_2010_10_12,kved_2010,10.12,Виробництво м'яса свійської птиці,C,Переробна промисловість,10,10.1,True,2012-01-01,https://stat.gov.ua/uk/page-contents/klasyfikatsiya-vydiv-ekonomichnoyi-diyalnosti-kved-0,True
kved_2010_10_13,kved_2010,10.13,Виробництво м'ясних продуктів,C,Переробна промисловість,10,10.1,True,2012-01-01,https://stat.gov.ua/uk/page-contents/klasyfikatsiya-vydiv-ekonomichnoyi-diyalnosti-kved-0,True
kved_2010_10_20,kved_2010,10.20,"Перероблення та консервування риби, ракоподібних і молюсків",C,Переробна промисловість,10,10.2,True,2012-01-01,https://stat.gov.ua/uk/page-contents/klasyfikatsiya-vydiv-ekonomichnoyi-diyalnosti-kved-0,True
kved_2010_10_31,kved_2010,10.31,Перероблення та консервування картоплі,C,Переробна промисловість,10,10.3,True,2012-01-01,https://stat.gov.ua/uk/page-contents/klasyfikatsiya-vydiv-ekonomichnoyi-diyalnosti-kved-0,True
kved_2010_10_32,kved_2010,10.32,Виробництво фруктових і овочевих соків,C,Переробна промисловість,10,10.3,True,2012-01-01,https://stat.gov.ua/uk/page-contents/klasyfikatsiya-vydiv-ekonomichnoyi-diyalnosti-kved-0,True
kved_2010_10_39,kved_2010,10.39,Інші види перероблення та консервування фруктів і овочів,C,Переробна промисловість,10,10.3,True,2012-01-01,https://stat.gov.ua/uk/page-contents/klasyfikatsiya-vydiv-ekonomichnoyi-diyalnosti-kved-0,True
kved_2010_10_41,kved_2010,10.41,Виробництво олії та тваринних жирів,C,Переробна промисловість,10,10.4,True,2012-01-01,https://stat.gov.ua/uk/page-contents/klasyfikatsiya-vydiv-ekonomichnoyi-diyalnosti-kved-0,True
kved_2010_10_42,kved_2010,10.42,Виробництво маргарину і подібних харчових жирів,C,Переробна промисловість,10,10.4,True,2012-01-01,https://stat.gov.ua/uk/page-contents/klasyfikatsiya-vydiv-ekonomichnoyi-diyalnosti-kved-0,True
kved_2010_10_51,kved_2010,10.51,"Перероблення молока, виробництво масла та сиру",C,Переробна промисловість,10,10.5,True,2012-01-01,https://stat.gov.ua/uk/page-contents/klasyfikatsiya-vydiv-ekonomichnoyi-diyalnosti-kved-0,True
kved_2010_10_52,kved_2010,10.52,Виробництво морозива,C,Переробна промисловість,10,10.5,True,2012-01-01,https://stat.gov.ua/uk/page-contents/klasyfikatsiya-vydiv-ekonomichnoyi-diyalnosti-kved-0,True
kved_2010_10_61,kved_2010,10.61,Виробництво продуктів борошномельно-круп'яної промисловості,C,Переробна промисловість,10,10.6,True,2012-01-01,https://stat.gov.ua/uk/page-contents/klasyfikatsiya-vydiv-ekonomichnoyi-diyalnosti-kved-0,True
kved_2010_10_62,kved_2010,10.62,Виробництво крохмалів і крохмальних продуктів,C,Переробна промисловість,10,10.6,True,2012-01-01,https://stat.gov.ua/uk/page-contents/klasyfikatsiya-vydiv-ekonomichnoyi-diyalnosti-kved-0,True
kved_2010_10_71,kved_2010,10.71,"Виробництво хліба та хлібобулочних виробів; виробництво борошняних кондитерських виробів, тортів і тістечок нетривалого зберігання",C,Переробна промисловість,10,10.7,True,2012-01-01,https://stat.gov.ua/uk/page-contents/klasyfikatsiya-vydiv-ekonomichnoyi-diyalnosti-kved-0,True
kved_2010_10_72,kved_2010,10.72,"Виробництво сухарів і сухого печива; виробництво борошняних кондитерських виробів, тортів і тістечок тривалого зберігання",C,Переробна промисловість,10,10.7,True,2012-01-01,https://stat.gov.ua/uk/page-contents/klasyfikatsiya-vydiv-ekonomichnoyi-diyalnosti-kved-0,True
kved_2010_10_73,kved_2010,10.73,Виробництво макаронних виробів і подібних борошняних виробів,C,Переробна промисловість,10,10.7,True,2012-01-01,https://stat.gov.ua/uk/page-contents/klasyfikatsiya-vydiv-ekonomichnoyi-diyalnosti-kved-0,True
kved_2010_10_81,kved_2010,10.81,Виробництво цукру,C,Переробна промисловість,10,10.8,True,2012-01-01,https://stat.gov.ua/uk/page-contents/klasyfikatsiya-vydiv-ekonomichnoyi-diyalnosti-kved-0,True
kved_2010_10_82,kved_2010,10.82,"Виробництво какао, шоколаду та цукрових кондитерських виробів",C,Переробна промисловість,10,10.8,True,2012-01-01,https://stat.gov.ua/uk/page-contents/klasyfikatsiya-vydiv-ekonomichnoyi-diyalnosti-kved-0,True
kved_2010_10_83,kved_2010,10.83,Виробництво чаю та кави,C,Переробна промисловість,10,10.8,True,2012-01-01,https://stat.gov.ua/uk/page-contents/klasyfikatsiya-vydiv-ekonomichnoyi-diyalnosti-kved-0,True
kved_2010_10_84,kved_2010,10.84,Виробництво прянощів і приправ,C,Переробна промисловість,10,10.8,True,2012-01-01,https://stat.gov.ua/uk/page-contents/klasyfikatsiya-vydiv-ekonomichnoyi-diyalnosti-kved-0,True
kved_2010_10_85,kved_2010,10.85,Виробництво готової їжі та страв,C,Переробна промисловість,10,10.8,True,2012-01-01,https://stat.gov.ua/uk/page-contents/klasyfikatsiya-vydiv-ekonomichnoyi-diyalnosti-kved-0,True
kved_2010_10_86,kved_2010,10.86,Виробництво дитячого харчування та дієтичних харчових продуктів,C,Переробна промисловість,10,10.8,True,2012-01-01,https://stat.gov.ua/uk/page-contents/klasyfikatsiya-vydiv-ekonomichnoyi-diyalnosti-kved-0,True
kved_2010_10_89,kved_2010,10.89,"Виробництво інших харчових продуктів, н.в.і.у.",C,Переробна промисловість,10,10.8,True,2012-01-01,https://stat.gov.ua/uk/page-contents/klasyfikatsiya-vydiv-ekonomichnoyi-diyalnosti-kved-0,True
kved_2010_10_91,kved_2010,10.91,"Виробництво готових кормів для тварин, що утримуються на фермах",C,Переробна промисловість,10,10.9,True,2012-01-01,https://stat.gov.ua/uk/page-contents/klasyfikatsiya-vydiv-ekonomichnoyi-diyalnosti-kved-0,True
kved_2010_10_92,kved_2010,10.92,Виробництво готових кормів для домашніх тварин,C,Переробна промисловість,10,10.9,True,2012-01-01,https://stat.gov.ua/uk/page-contents/klasyfikatsiya-vydiv-ekonomichnoyi-diyalnosti-kved-0,True
kved_2010_11_01,kved_2010,11.01,"Дистиляція, ректифікація та змішування спиртних напоїв",C,Переробна промисловість,11,11.0,True,2012-01-01,https://stat.gov.ua/uk/page-contents/klasyfikatsiya-vydiv-ekonomichnoyi-diyalnosti-kved-0,True
kved_2010_11_02,kved_2010,11.02,Виробництво виноградних вин,C,Переробна промисловість,11,11.0,True,2012-01-01,https://stat.gov.ua/uk/page-contents/klasyfikatsiya-vydiv-ekonomichnoyi-diyalnosti-kved-0,True
kved_2010_11_03,kved_2010,11.03,Виробництво сидру та інших плодово-ягідних вин,C,Переробна промисловість,11,11.0,True,2012-01-01,https://stat.gov.ua/uk/page-contents/klasyfikatsiya-vydiv-ekonomichnoyi-diyalnosti-kved-0,True
kved_2010_11_04,kved_2010,11.04,Виробництво інших недистильованих напоїв із зброджуваних продуктів,C,Переробна промисловість,11,11.0,True,2012-01-01,https://stat.gov.ua/uk/page-contents/klasyfikatsiya-vydiv-ekonomichnoyi-diyalnosti-kved-0,True
kved_2010_11_05,kved_2010,11.05,Виробництво пива,C,Переробна промисловість,11,11.0,True,2012-01-01,https://stat.gov.ua/uk/page-contents/klasyfikatsiya-vydiv-ekonomichnoyi-diyalnosti-kved-0,True
kved_2010_11_06,kved_2010,11.06,Виробництво солоду,C,Переробна промисловість,11,11.0,True,2012-01-01,https://stat.gov.ua/uk/page-contents/klasyfikatsiya-vydiv-ekonomichnoyi-diyalnosti-kved-0,True
kved_2010_11_07,kved_2010,11.07,"Виробництво безалкогольних напоїв; виробництво мінеральних вод та інших вод, розлитих у пляшки",C,Переробна промисловість,11,11.0,True,2012-01-01,https://stat.gov.ua/uk/page-contents/klasyfikatsiya-vydiv-ekonomichnoyi-diyalnosti-kved-0,True
kved_2010_12_00,kved_2010,12.00,Виробництво тютюнових виробів,C,Переробна промисловість,12,12.0,True,2012-01-01,https://stat.gov.ua/uk/page-contents/klasyfikatsiya-vydiv-ekonomichnoyi-diyalnosti-kved-0,True
kved_2010_13_10,kved_2010,13.10,Підготування та прядіння текстильних волокон,C,Переробна промисловість,13,13.1,True,2012-01-01,https://stat.gov.ua/uk/page-contents/klasyfikatsiya-vydiv-ekonomichnoyi-diyalnosti-kved-0,True
kved_2010_13_20,kved_2010,13.20,Ткацьке виробництво,C,Переробна промисловість,13,13.2,True,2012-01-01,https://stat.gov.ua/uk/page-contents/klasyfikatsiya-vydiv-ekonomichnoyi-diyalnosti-kved-0,True
kved_2010_13_30,kved_2010,13.30,Оздоблення текстильних виробів,C,Переробна промисловість,13,13.3,True,2012-01-01,https://stat.gov.ua/uk/page-contents/klasyfikatsiya-vydiv-ekonomichnoyi-diyalnosti-kved-0,True
kved_2010_13_91,kved_2010,13.91,Виробництво трикотажного полотна,C,Переробна промисловість,13,13.9,True,2012-01-01,https://stat.gov.ua/uk/page-contents/klasyfikatsiya-vydiv-ekonomichnoyi-diyalnosti-kved-0,True
kved_2010_13_92,kved_2010,13.92,"Виробництво готових текстильних виробів, крім одягу",C,Переробна промисловість,13,13.9,True,2012-01-01,https://stat.gov.ua/uk/page-contents/klasyfikatsiya-vydiv-ekonomichnoyi-diyalnosti-kved-0,True
kved_2010_13_93,kved_2010,13.93,Виробництво килимів і килимових виробів,C,Переробна промисловість,13,13.9,True,2012-01-01,https://stat.gov.ua/uk/page-contents/klasyfikatsiya-vydiv-ekonomichnoyi-diyalnosti-kved-0,True
kved_2010_13_94,kved_2010,13.94,"Виробництво канатів, мотузок, шпагату та сіток",C,Переробна промисловість,13,13.9,True,2012-01-01,https://stat.gov.ua/uk/page-contents/klasyfikatsiya-vydiv-ekonomichnoyi-diyalnosti-kved-0,True
kved_2010_13_95,kved_2010,13.95,"Виробництво нетканих текстильних матеріалів і виробів із них, крім одягу",C,Переробна промисловість,13,13.9,True,2012-01-01,https://stat.gov.ua/uk/page-contents/klasyfikatsiya-vydiv-ekonomichnoyi-diyalnosti-kved-0,True
kved_2010_13_96,kved_2010,13.96,Виробництво інших текстильних виробів технічного та промислового призначення,C,Переробна промисловість,13,13.9,True,2012-01-01,https://stat.gov.ua/uk/page-contents/klasyfikatsiya-vydiv-ekonomichnoyi-diyalnosti-kved-0,True
kved_2010_13_99,kved_2010,13.99,"Виробництво інших текстильних виробів, н.в.і.у.",C,Переробна промисловість,13,13.9,True,2012-01-01,https://stat.gov.ua/uk/page-contents/klasyfikatsiya-vydiv-ekonomichnoyi-diyalnosti-kved-0,True
kved_2010_14_11,kved_2010,14.11,Виробництво одягу зі шкіри,C,Переробна промисловість,14,14.1,True,2012-01-01,https://stat.gov.ua/uk/page-contents/klasyfikatsiya-vydiv-ekonomichnoyi-diyalnosti-kved-0,True
kved_2010_14_12,kved_2010,14.12,Виробництво робочого одягу,C,Переробна промисловість,14,14.1,True,2012-01-01,https://stat.gov.ua/uk/page-contents/klasyfikatsiya-vydiv-ekonomichnoyi-diyalnosti-kved-0,True
kved_2010_14_13,kved_2010,14.13,Виробництво іншого верхнього одягу,C,Переробна промисловість,14,14.1,True,2012-01-01,https://stat.gov.ua/uk/page-contents/klasyfikatsiya-vydiv-ekonomichnoyi-diyalnosti-kved-0,True
kved_2010_14_14,kved_2010,14.14,Виробництво спіднього одягу,C,Переробна промисловість,14,14.1,True,2012-01-01,https://stat.gov.ua/uk/page-contents/klasyfikatsiya-vydiv-ekonomichnoyi-diyalnosti-kved-0,True
kved_2010_14_19,kved_2010,14.19,Виробництво іншого одягу й аксесуарів,C,Переробна промисловість,14,14.1,True,2012-01-01,https://stat.gov.ua/uk/page-contents/klasyfikatsiya-vydiv-ekonomichnoyi-diyalnosti-kved-0,True
kved_2010_14_20,kved_2010,14.20,Виготовлення виробів із хутра,C,Переробна промисловість,14,14.2,True,2012-01-01,https://stat.gov.ua/uk/page-contents/klasyfikatsiya-vydiv-ekonomichnoyi-diyalnosti-kved-0,True
kved_2010_14_31,kved_2010,14.31,Виробництво панчішно-шкарпеткових виробів,C,Переробна промисловість,14,14.3,True,2012-01-01,https://stat.gov.ua/uk/page-contents/klasyfikatsiya-vydiv-ekonomichnoyi-diyalnosti-kved-0,True
kved_2010_14_39,kved_2010,14.39,Виробництво іншого трикотажного та в'язаного одягу,C,Переробна промисловість,14,14.3,True,2012-01-01,https://stat.gov.ua/uk/page-contents/klasyfikatsiya-vydiv-ekonomichnoyi-diyalnosti-kved-0,True
kved_2010_15_11,kved_2010,15.11,Дублення шкур і оздоблення шкіри; вичинка та фарбування хутра,C,Переробна промисловість,15,15.1,True,2012-01-01,https://stat.gov.ua/uk/page-contents/klasyfikatsiya-vydiv-ekonomichnoyi-diyalnosti-kved-0,True
kved_2010_15_12,kved_2010,15.12,"Виробництво дорожніх виробів, сумок, лимарно-сідельних виробів зі шкіри та інших матеріалів",C,Переробна промисловість,15,15.1,True,2012-01-01,https://stat.gov.ua/uk/page-contents/klasyfikatsiya-vydiv-ekonomichnoyi-diyalnosti-kved-0,True
kved_2010_15_20,kved_2010,15.20,Виробництво взуття,C,Переробна промисловість,15,15.2,True,2012-01-01,https://stat.gov.ua/uk/page-contents/klasyfikatsiya-vydiv-ekonomichnoyi-diyalnosti-kved-0,True
kved_2010_16_10,kved_2010,16.10,Лісопильне та стругальне виробництво,C,Переробна промисловість,16,16.1,True,2012-01-01,https://stat.gov.ua/uk/page-contents/klasyfikatsiya-vydiv-ekonomichnoyi-diyalnosti-kved-0,True
kved_2010_16_21,kved_2010,16.21,"Виробництво фанери, дерев'яних плит і панелей, шпону",C,Переробна промисловість,16,16.2,True,2012-01-01,https://stat.gov.ua/uk/page-contents/klasyfikatsiya-vydiv-ekonomichnoyi-diyalnosti-kved-0,True
kved_2010_16_22,kved_2010,16.22,Виробництво щитового паркету,C,Переробна промисловість,16,16.2,True,2012-01-01,https://stat.gov.ua/uk/page-contents/klasyfikatsiya-vydiv-ekonomichnoyi-diyalnosti-kved-0,True
kved_2010_16_23,kved_2010,16.23,Виробництво інших дерев'яних будівельних конструкцій і столярних виробів,C,Переробна промисловість,16,16.2,True,2012-01-01,https://stat.gov.ua/uk/page-contents/klasyfikatsiya-vydiv-ekonomichnoyi-diyalnosti-kved-0,True
kved_2010_16_24,kved_2010,16.24,Виробництво дерев'яної тари,C,Переробна промисловість,16,16.2,True,2012-01-01,https://stat.gov.ua/uk/page-contents/klasyfikatsiya-vydiv-ekonomichnoyi-diyalnosti-kved-0,True
kved_2010_16_29,kved_2010,16.29,"Виробництво інших виробів з деревини; виготовлення виробів з корка, соломки та рослинних матеріалів для плетіння",C,Переробна промисловість,16,16.2,True,2012-01-01,https://stat.gov.ua/uk/page-contents/klasyfikatsiya-vydiv-ekonomichnoyi-diyalnosti-kved-0,True
kved_2010_17_11,kved_2010,17.11,Виробництво паперової маси,C,Переробна промисловість,17,17.1,True,2012-01-01,https://stat.gov.ua/uk/page-contents/klasyfikatsiya-vydiv-ekonomichnoyi-diyalnosti-kved-0,True
kved_2010_17_12,kved_2010,17.12,Виробництво паперу та картону,C,Переробна промисловість,17,17.1,True,2012-01-01,https://stat.gov.ua/uk/page-contents/klasyfikatsiya-vydiv-ekonomichnoyi-diyalnosti-kved-0,True
kved_2010_17_21,kved_2010,17.21,"Виробництво гофрованого паперу та картону, паперової та картонної тари",C,Переробна промисловість,17,17.2,True,2012-01-01,https://stat.gov.ua/uk/page-contents/klasyfikatsiya-vydiv-ekonomichnoyi-diyalnosti-kved-0,True
kved_2010_17_22,kved_2010,17.22,Виробництво паперових виробів господарсько-побутового та санітарно-гігієнічного призначення,C,Переробна промисловість,17,17.2,True,2012-01-01,https://stat.gov.ua/uk/page-contents/klasyfikatsiya-vydiv-ekonomichnoyi-diyalnosti-kved-0,True
kved_2010_17_23,kved_2010,17.23,Виробництво паперових канцелярських виробів,C,Переробна промисловість,17,17.2,True,2012-01-01,https://stat.gov.ua/uk/page-contents/klasyfikatsiya-vydiv-ekonomichnoyi-diyalnosti-kved-0,True
kved_2010_17_24,kved_2010,17.24,Виробництво шпалер,C,Переробна промисловість,17,17.2,True,2012-01-01,https://stat.gov.ua/uk/page-contents/klasyfikatsiya-vydiv-ekonomichnoyi-diyalnosti-kved-0,True
kved_2010_17_29,kved_2010,17.29,Виробництво інших виробів з паперу та картону,C,Переробна промисловість,17,17.2,True,2012-01-01,https://stat.gov.ua/uk/page-contents/klasyfikatsiya-vydiv-ekonomichnoyi-diyalnosti-kved-0,True
kved_2010_18_11,kved_2010,18.11,Друкування газет,C,Переробна промисловість,18,18.1,True,2012-01-01,https://stat.gov.ua/uk/page-contents/klasyfikatsiya-vydiv-ekonomichnoyi-diyalnosti-kved-0,True
kved_2010_18_12,kved_2010,18.12,Друкування іншої продукції,C,Переробна промисловість,18,18.1,True,2012-01-01,https://stat.gov.ua/uk/page-contents/klasyfikatsiya-vydiv-ekonomichnoyi-diyalnosti-kved-0,True
kved_2010_18_13,kved_2010,18.13,Виготовлення друкарських форм і надання інших поліграфічних послуг,C,Переробна промисловість,18,18.1,True,2012-01-01,https://stat.gov.ua/uk/page-contents/klasyfikatsiya-vydiv-ekonomichnoyi-diyalnosti-kved-0,True
kved_2010_18_14,kved_2010,18.14,Брошурувально-палітурна діяльність і надання пов'язаних із нею послуг,C,Переробна промисловість,18,18.1,True,2012-01-01,https://stat.gov.ua/uk/page-contents/klasyfikatsiya-vydiv-ekonomichnoyi-diyalnosti-kved-0,True
kved_2010_18_20,kved_2010,18.20,"Тиражування звуко-, відеозаписів і програмного забезпечення",C,Переробна промисловість,18,18.2,True,2012-01-01,https://stat.gov.ua/uk/page-contents/klasyfikatsiya-vydiv-ekonomichnoyi-diyalnosti-kved-0,True
kved_2010_19_10,kved_2010,19.10,Виробництво коксу та коксопродуктів,C,Переробна промисловість,19,19.1,True,2012-01-01,https://stat.gov.ua/uk/page-contents/klasyfikatsiya-vydiv-ekonomichnoyi-diyalnosti-kved-0,True
kved_2010_19_20,kved_2010,19.20,Виробництво продуктів нафтоперероблення,C,Переробна промисловість,19,19.2,True,2012-01-01,https://stat.gov.ua/uk/page-contents/klasyfikatsiya-vydiv-ekonomichnoyi-diyalnosti-kved-0,True
kved_2010_20_11,kved_2010,20.11,Виробництво промислових газів,C,Переробна промисловість,20,20.1,True,2012-01-01,https://stat.gov.ua/uk/page-contents/klasyfikatsiya-vydiv-ekonomichnoyi-diyalnosti-kved-0,True
kved_2010_20_12,kved_2010,20.12,Виробництво барвників і пігментів,C,Переробна промисловість,20,20.1,True,2012-01-01,https://stat.gov.ua/uk/page-contents/klasyfikatsiya-vydiv-ekonomichnoyi-diyalnosti-kved-0,True
kved_2010_20_13,kved_2010,20.13,Виробництво інших основних неорганічних хімічних речовин,C,Переробна промисловість,20,20.1,True,2012-01-01,https://stat.gov.ua/uk/page-contents/klasyfikatsiya-vydiv-ekonomichnoyi-diyalnosti-kved-0,True
kved_2010_20_14,kved_2010,20.14,Виробництво інших основних органічних хімічних речовин,C,Переробна промисловість,20,20.1,True,2012-01-01,https://stat.gov.ua/uk/page-contents/klasyfikatsiya-vydiv-ekonomichnoyi-diyalnosti-kved-0,True
kved_2010_20_15,kved_2010,20.15,Виробництво добрив і азотних сполук,C,Переробна промисловість,20,20.1,True,2012-01-01,https://stat.gov.ua/uk/page-contents/klasyfikatsiya-vydiv-ekonomichnoyi-diyalnosti-kved-0,True
kved_2010_20_16,kved_2010,20.16,Виробництво пластмас у первинних формах,C,Переробна промисловість,20,20.1,True,2012-01-01,https://stat.gov.ua/uk/page-contents/klasyfikatsiya-vydiv-ekonomichnoyi-diyalnosti-kved-0,True
kved_2010_20_17,kved_2010,20.17,Виробництво синтетичного каучуку в первинних формах,C,Переробна промисловість,20,20.1,True,2012-01-01,https://stat.gov.ua/uk/page-contents/klasyfikatsiya-vydiv-ekonomichnoyi-diyalnosti-kved-0,True
kved_2010_20_20,kved_2010,20.20,Виробництво пестицидів та іншої агрохімічної продукції,C,Переробна промисловість,20,20.2,True,2012-01-01,https://stat.gov.ua/uk/page-contents/klasyfikatsiya-vydiv-ekonomichnoyi-diyalnosti-kved-0,True
kved_2010_20_30,kved_2010,20.30,"Виробництво фарб, лаків і подібної продукції, друкарської фарби та мастик",C,Переробна промисловість,20,20.3,True,2012-01-01,https://stat.gov.ua/uk/page-contents/klasyfikatsiya-vydiv-ekonomichnoyi-diyalnosti-kved-0,True
kved_2010_20_41,kved_2010,20.41,"Виробництво мила та мийних засобів, засобів для чищення та полірування",C,Переробна промисловість,20,20.4,True,2012-01-01,https://stat.gov.ua/uk/page-contents/klasyfikatsiya-vydiv-ekonomichnoyi-diyalnosti-kved-0,True
kved_2010_20_42,kved_2010,20.42,Виробництво парфумних і косметичних засобів,C,Переробна промисловість,20,20.4,True,2012-01-01,https://stat.gov.ua/uk/page-contents/klasyfikatsiya-vydiv-ekonomichnoyi-diyalnosti-kved-0,True
kved_2010_20_51,kved_2010,20.51,Виробництво вибухових речовин,C,Переробна промисловість,20,20.5,True,2012-01-01,https://stat.gov.ua/uk/page-contents/klasyfikatsiya-vydiv-ekonomichnoyi-diyalnosti-kved-0,True
kved_2010_20_52,kved_2010,20.52,Виробництво клеїв,C,Переробна промисловість,20,20.5,True,2012-01-01,https://stat.gov.ua/uk/page-contents/klasyfikatsiya-vydiv-ekonomichnoyi-diyalnosti-kved-0,True
kved_2010_20_53,kved_2010,20.53,Виробництво ефірних олій,C,Переробна промисловість,20,20.5,True,2012-01-01,https://stat.gov.ua/uk/page-contents/klasyfikatsiya-vydiv-ekonomichnoyi-diyalnosti-kved-0,True
kved_2010_20_59,kved_2010,20.59,"Виробництво іншої хімічної продукції, н.в.і.у.",C,Переробна промисловість,20,20.5,True,2012-01-01,https://stat.gov.ua/uk/page-contents/klasyfikatsiya-vydiv-ekonomichnoyi-diyalnosti-kved-0,True
kved_2010_20_60,kved_2010,20.60,Виробництво штучних і синтетичних волокон,C,Переробна промисловість,20,20.6,True,2012-01-01,https://stat.gov.ua/uk/page-contents/klasyfikatsiya-vydiv-ekonomichnoyi-diyalnosti-kved-0,True
kved_2010_21_10,kved_2010,21.10,Виробництво основних фармацевтичних продуктів,C,Переробна промисловість,21,21.1,True,2012-01-01,https://stat.gov.ua/uk/page-contents/klasyfikatsiya-vydiv-ekonomichnoyi-diyalnosti-kved-0,True
kved_2010_21_20,kved_2010,21.20,Виробництво фармацевтичних препаратів і матеріалів,C,Переробна промисловість,21,21.2,True,2012-01-01,https://stat.gov.ua/uk/page-contents/klasyfikatsiya-vydiv-ekonomichnoyi-diyalnosti-kved-0,True
kved_2010_22_11,kved_2010,22.11,"Виробництво гумових шин, покришок і камер; відновлення протектора гумових шин і покришок",C,Переробна промисловість,22,22.1,True,2012-01-01,https://stat.gov.ua/uk/page-contents/klasyfikatsiya-vydiv-ekonomichnoyi-diyalnosti-kved-0,True
kved_2010_22_19,kved_2010,22.19,Виробництво інших гумових виробів,C,Переробна промисловість,22,22.1,True,2012-01-01,https://stat.gov.ua/uk/page-contents/klasyfikatsiya-vydiv-ekonomichnoyi-diyalnosti-kved-0,True
kved_2010_22_21,kved_2010,22.21,"Виробництво плит, листів, труб і профілів із пластмас",C,Переробна промисловість,22,22.2,True,2012-01-01,https://stat.gov.ua/uk/page-contents/klasyfikatsiya-vydiv-ekonomichnoyi-diyalnosti-kved-0,True
kved_2010_22_22,kved_2010,22.22,Виробництво тари з пластмас,C,Переробна промисловість,22,22.2,True,2012-01-01,https://stat.gov.ua/uk/page-contents/klasyfikatsiya-vydiv-ekonomichnoyi-diyalnosti-kved-0,True
kved_2010_22_23,kved_2010,22.23,Виробництво будівельних виробів із пластмас,C,Переробна промисловість,22,22.2,True,2012-01-01,https://stat.gov.ua/uk/page-contents/klasyfikatsiya-vydiv-ekonomichnoyi-diyalnosti-kved-0,True
kved_2010_22_29,kved_2010,22.29,Виробництво інших виробів із пластмас,C,Переробна промисловість,22,22.2,True,2012-01-01,https://stat.gov.ua/uk/page-contents/klasyfikatsiya-vydiv-ekonomichnoyi-diyalnosti-kved-0,True
kved_2010_23_11,kved_2010,23.11,Виробництво листового скла,C,Переробна промисловість,23,23.1,True,2012-01-01,https://stat.gov.ua/uk/page-contents/klasyfikatsiya-vydiv-ekonomichnoyi-diyalnosti-kved-0,True
kved_2010_23_12,kved_2010,23.12,Формування й оброблення листового скла,C,Переробна промисловість,23,23.1,True,2012-01-01,https://stat.gov.ua/uk/page-contents/klasyfikatsiya-vydiv-ekonomichnoyi-diyalnosti-kved-0,True
kved_2010_23_13,kved_2010,23.13,Виробництво порожнистого скла,C,Переробна промисловість,23,23.1,True,2012-01-01,https://stat.gov.ua/uk/page-contents/klasyfikatsiya-vydiv-ekonomichnoyi-diyalnosti-kved-0,True
kved_2010_23_14,kved_2010,23.14,Виробництво скловолокна,C,Переробна промисловість,23,23.1,True,2012-01-01,https://stat.gov.ua/uk/page-contents/klasyfikatsiya-vydiv-ekonomichnoyi-diyalnosti-kved-0,True
kved_2010_23_19,kved_2010,23.19,"Виробництво й оброблення інших скляних виробів, у тому числі технічних",C,Переробна промисловість,23,23.1,True,2012-01-01,https://stat.gov.ua/uk/page-contents/klasyfikatsiya-vydiv-ekonomichnoyi-diyalnosti-kved-0,True
kved_2010_23_20,kved_2010,23.20,Виробництво вогнетривких виробів,C,Переробна промисловість,23,23.2,True,2012-01-01,https://stat.gov.ua/uk/page-contents/klasyfikatsiya-vydiv-ekonomichnoyi-diyalnosti-kved-0,True
kved_2010_23_31,kved_2010,23.31,Виробництво керамічних плиток і плит,C,Переробна промисловість,23,23.3,True,2012-01-01,https://stat.gov.ua/uk/page-contents/klasyfikatsiya-vydiv-ekonomichnoyi-diyalnosti-kved-0,True
kved_2010_23_32,kved_2010,23.32,"Виробництво цегли, черепиці та інших будівельних виробів із випаленої глини",C,Переробна промисловість,23,23.3,True,2012-01-01,https://stat.gov.ua/uk/page-contents/klasyfikatsiya-vydiv-ekonomichnoyi-diyalnosti-kved-0,True
kved_2010_23_41,kved_2010,23.41,Виробництво господарських і декоративних керамічних виробів,C,Переробна промисловість,23,23.4,True,2012-01-01,https://stat.gov.ua/uk/page-contents/klasyfikatsiya-vydiv-ekonomichnoyi-diyalnosti-kved-0,True
kved_2010_23_42,kved_2010,23.42,Виробництво керамічних санітарно-технічних виробів,C,Переробна промисловість,23,23.4,True,2012-01-01,https://stat.gov.ua/uk/page-contents/klasyfikatsiya-vydiv-ekonomichnoyi-diyalnosti-kved-0,True
kved_2010_23_43,kved_2010,23.43,Виробництво керамічних електроізоляторів та ізоляційної арматури,C,Переробна промисловість,23,23.4,True,2012-01-01,https://stat.gov.ua/uk/page-contents/klasyfikatsiya-vydiv-ekonomichnoyi-diyalnosti-kved-0,True
kved_2010_23_44,kved_2010,23.44,Виробництво інших керамічних виробів технічного призначення,C,Переробна промисловість,23,23.4,True,2012-01-01,https://stat.gov.ua/uk/page-contents/klasyfikatsiya-vydiv-ekonomichnoyi-diyalnosti-kved-0,True
kved_2010_23_49,kved_2010,23.49,Виробництво інших керамічних виробів,C,Переробна промисловість,23,23.4,True,2012-01-01,https://stat.gov.ua/uk/page-contents/klasyfikatsiya-vydiv-ekonomichnoyi-diyalnosti-kved-0,True
kved_2010_23_51,kved_2010,23.51,Виробництво цементу,C,Переробна промисловість,23,23.5,True,2012-01-01,https://stat.gov.ua/uk/page-contents/klasyfikatsiya-vydiv-ekonomichnoyi-diyalnosti-kved-0,True
kved_2010_23_52,kved_2010,23.52,Виробництво вапна та гіпсових сумішей,C,Переробна промисловість,23,23.5,True,2012-01-01,https://stat.gov.ua/uk/page-contents/klasyfikatsiya-vydiv-ekonomichnoyi-diyalnosti-kved-0,True
kved_2010_23_61,kved_2010,23.61,Виготовлення виробів із бетону для будівництва,C,Переробна промисловість,23,23.6,True,2012-01-01,https://stat.gov.ua/uk/page-contents/klasyfikatsiya-vydiv-ekonomichnoyi-diyalnosti-kved-0,True
kved_2010_23_62,kved_2010,23.62,Виготовлення виробів із гіпсу для будівництва,C,Переробна промисловість,23,23.6,True,2012-01-01,https://stat.gov.ua/uk/page-contents/klasyfikatsiya-vydiv-ekonomichnoyi-diyalnosti-kved-0,True
kved_2010_23_63,kved_2010,23.63,"Виробництво бетонних розчинів, готових для використання",C,Переробна промисловість,23,23.6,True,2012-01-01,https://stat.gov.ua/uk/page-contents/klasyfikatsiya-vydiv-ekonomichnoyi-diyalnosti-kved-0,True
kved_2010_23_64,kved_2010,23.64,Виробництво сухих будівельних сумішей,C,Переробна промисловість,23,23.6,True,2012-01-01,https://stat.gov.ua/uk/page-contents/klasyfikatsiya-vydiv-ekonomichnoyi-diyalnosti-kved-0,True
kved_2010_23_65,kved_2010,23.65,Виготовлення виробів із волокнистого цементу,C,Переробна промисловість,23,23.6,True,2012-01-01,https://stat.gov.ua/uk/page-contents/klasyfikatsiya-vydiv-ekonomichnoyi-diyalnosti-kved-0,True
kved_2010_23_69,kved_2010,23.69,"Виробництво інших виробів із бетону, гіпсу та цементу",C,Переробна промисловість,23,23.6,True,2012-01-01,https://stat.gov.ua/uk/page-contents/klasyfikatsiya-vydiv-ekonomichnoyi-diyalnosti-kved-0,True
kved_2010_23_70,kved_2010,23.70,"Різання, оброблення та оздоблення декоративного та будівельного каменю",C,Переробна промисловість,23,23.7,True,2012-01-01,https://stat.gov.ua/uk/page-contents/klasyfikatsiya-vydiv-ekonomichnoyi-diyalnosti-kved-0,True
kved_2010_23_91,kved_2010,23.91,Виробництво абразивних виробів,C,Переробна промисловість,23,23.9,True,2012-01-01,https://stat.gov.ua/uk/page-contents/klasyfikatsiya-vydiv-ekonomichnoyi-diyalnosti-kved-0,True
kved_2010_23_99,kved_2010,23.99,"Виробництво неметалевих мінеральних виробів, н.в.і.у.",C,Переробна промисловість,23,23.9,True,2012-01-01,https://stat.gov.ua/uk/page-contents/klasyfikatsiya-vydiv-ekonomichnoyi-diyalnosti-kved-0,True
kved_2010_24_10,kved_2010,24.10,"Виробництво чавуну, сталі та феросплавів",C,Переробна промисловість,24,24.1,True,2012-01-01,https://stat.gov.ua/uk/page-contents/klasyfikatsiya-vydiv-ekonomichnoyi-diyalnosti-kved-0,True
kved_2010_24_20,kved_2010,24.20,"Виробництво труб, порожнистих профілів і фітингів зі сталі",C,Переробна промисловість,24,24.2,True,2012-01-01,https://stat.gov.ua/uk/page-contents/klasyfikatsiya-vydiv-ekonomichnoyi-diyalnosti-kved-0,True
kved_2010_24_31,kved_2010,24.31,Холодне волочіння прутків і профілів,C,Переробна промисловість,24,24.3,True,2012-01-01,https://stat.gov.ua/uk/page-contents/klasyfikatsiya-vydiv-ekonomichnoyi-diyalnosti-kved-0,True
kved_2010_24_32,kved_2010,24.32,Холодний прокат вузької штаби,C,Переробна промисловість,24,24.3,True,2012-01-01,https://stat.gov.ua/uk/page-contents/klasyfikatsiya-vydiv-ekonomichnoyi-diyalnosti-kved-0,True
kved_2010_24_33,kved_2010,24.33,Холодне штампування та гнуття,C,Переробна промисловість,24,24.3,True,2012-01-01,https://stat.gov.ua/uk/page-contents/klasyfikatsiya-vydiv-ekonomichnoyi-diyalnosti-kved-0,True
kved_2010_24_34,kved_2010,24.34,Холодне волочіння дроту,C,Переробна промисловість,24,24.3,True,2012-01-01,https://stat.gov.ua/uk/page-contents/klasyfikatsiya-vydiv-ekonomichnoyi-diyalnosti-kved-0,True
kved_2010_24_41,kved_2010,24.41,Виробництво дорогоцінних металів,C,Переробна промисловість,24,24.4,True,2012-01-01,https://stat.gov.ua/uk/page-contents/klasyfikatsiya-vydiv-ekonomichnoyi-diyalnosti-kved-0,True
kved_2010_24_42,kved_2010,24.42,Виробництво алюмінію,C,Переробна промисловість,24,24.4,True,2012-01-01,https://stat.gov.ua/uk/page-contents/klasyfikatsiya-vydiv-ekonomichnoyi-diyalnosti-kved-0,True
kved_2010_24_43,kved_2010,24.43,"Виробництво свинцю, цинку й олова",C,Переробна промисловість,24,24.4,True,2012-01-01,https://stat.gov.ua/uk/page-contents/klasyfikatsiya-vydiv-ekonomichnoyi-diyalnosti-kved-0,True
kved_2010_24_44,kved_2010,24.44,Виробництво міді,C,Переробна промисловість,24,24.4,True,2012-01-01,https://stat.gov.ua/uk/page-contents/klasyfikatsiya-vydiv-ekonomichnoyi-diyalnosti-kved-0,True
kved_2010_24_45,kved_2010,24.45,Виробництво інших кольорових металів,C,Переробна промисловість,24,24.4,True,2012-01-01,https://stat.gov.ua/uk/page-contents/klasyfikatsiya-vydiv-ekonomichnoyi-diyalnosti-kved-0,True
kved_2010_24_46,kved_2010,24.46,Виробництво ядерних матеріалів,C,Переробна промисловість,24,24.4,True,2012-01-01,https://stat.gov.ua/uk/page-contents/klasyfikatsiya-vydiv-ekonomichnoyi-diyalnosti-kved-0,True
kved_2010_24_51,kved_2010,24.51,Лиття чавуну,C,Переробна промисловість,24,24.5,True,2012-01-01,https://stat.gov.ua/uk/page-contents/klasyfikatsiya-vydiv-ekonomichnoyi-diyalnosti-kved-0,True
kved_2010_24_52,kved_2010,24.52,Лиття сталі,C,Переробна промисловість,24,24.5,True,2012-01-01,https://stat.gov.ua/uk/page-contents/klasyfikatsiya-vydiv-ekonomichnoyi-diyalnosti-kved-0,True
kved_2010_24_53,kved_2010,24.53,Лиття легких кольорових металів,C,Переробна промисловість,24,24.5,True,2012-01-01,https://stat.gov.ua/uk/page-contents/klasyfikatsiya-vydiv-ekonomichnoyi-diyalnosti-kved-0,True
kved_2010_24_54,kved_2010,24.54,Лиття інших кольорових металів,C,Переробна промисловість,24,24.5,True,2012-01-01,https://stat.gov.ua/uk/page-contents/klasyfikatsiya-vydiv-ekonomichnoyi-diyalnosti-kved-0,True
kved_2010_25_11,kved_2010,25.11,Виробництво будівельних металевих конструкцій і частин конструкцій,C,Переробна промисловість,25,25.1,True,2012-01-01,https://stat.gov.ua/uk/page-contents/klasyfikatsiya-vydiv-ekonomichnoyi-diyalnosti-kved-0,True
kved_2010_25_12,kved_2010,25.12,Виробництво металевих дверей і вікон,C,Переробна промисловість,25,25.1,True,2012-01-01,https://stat.gov.ua/uk/page-contents/klasyfikatsiya-vydiv-ekonomichnoyi-diyalnosti-kved-0,True
kved_2010_25_21,kved_2010,25.21,Виробництво радіаторів і котлів центрального опалення,C,Переробна промисловість,25,25.2,True,2012-01-01,https://stat.gov.ua/uk/page-contents/klasyfikatsiya-vydiv-ekonomichnoyi-diyalnosti-kved-0,True
kved_2010_25_29,kved_2010,25.29,"Виробництво інших металевих баків, резервуарів і контейнерів",C,Переробна промисловість,25,25.2,True,2012-01-01,https://stat.gov.ua/uk/page-contents/klasyfikatsiya-vydiv-ekonomichnoyi-diyalnosti-kved-0,True
kved_2010_25_30,kved_2010,25.30,"Виробництво парових котлів, крім котлів центрального опалення",C,Переробна промисловість,25,25.3,True,2012-01-01,https://stat.gov.ua/uk/page-contents/klasyfikatsiya-vydiv-ekonomichnoyi-diyalnosti-kved-0,True
kved_2010_25_40,kved_2010,25.40,Виробництво зброї та боєприпасів,C,Переробна промисловість,25,25.4,True,2012-01-01,https://stat.gov.ua/uk/page-contents/klasyfikatsiya-vydiv-ekonomichnoyi-diyalnosti-kved-0,True
kved_2010_25_50,kved_2010,25.50,"Кування, пресування, штампування, профілювання; порошкова металургія",C,Переробна промисловість,25,25.5,True,2012-01-01,https://stat.gov.ua/uk/page-contents/klasyfikatsiya-vydiv-ekonomichnoyi-diyalnosti-kved-0,True
kved_2010_25_61,kved_2010,25.61,Оброблення металів та нанесення покриття на метали,C,Переробна промисловість,25,25.6,True,2012-01-01,https://stat.gov.ua/uk/page-contents/klasyfikatsiya-vydiv-ekonomichnoyi-diyalnosti-kved-0,True
kved_2010_25_62,kved_2010,25.62,Механічне оброблення металевих виробів,C,Переробна промисловість,25,25.6,True,2012-01-01,https://stat.gov.ua/uk/page-contents/klasyfikatsiya-vydiv-ekonomichnoyi-diyalnosti-kved-0,True
kved_2010_25_71,kved_2010,25.71,Виробництво столових приборів,C,Переробна промисловість,25,25.7,True,2012-01-01,https://stat.gov.ua/uk/page-contents/klasyfikatsiya-vydiv-ekonomichnoyi-diyalnosti-kved-0,True
kved_2010_25_72,kved_2010,25.72,Виробництво замків і дверних петель,C,Переробна промисловість,25,25.7,True,2012-01-01,https://stat.gov.ua/uk/page-contents/klasyfikatsiya-vydiv-ekonomichnoyi-diyalnosti-kved-0,True
kved_2010_25_73,kved_2010,25.73,Виробництво інструментів,C,Переробна промисловість,25,25.7,True,2012-01-01,https://stat.gov.ua/uk/page-contents/klasyfikatsiya-vydiv-ekonomichnoyi-diyalnosti-kved-0,True
kved_2010_25_91,kved_2010,25.91,Виробництво сталевих бочок і подібних контейнерів,C,Переробна промисловість,25,25.9,True,2012-01-01,https://stat.gov.ua/uk/page-contents/klasyfikatsiya-vydiv-ekonomichnoyi-diyalnosti-kved-0,True
kved_2010_25_92,kved_2010,25.92,Виробництво легких металевих паковань,C,Переробна промисловість,25,25.9,True,2012-01-01,https://stat.gov.ua/uk/page-contents/klasyfikatsiya-vydiv-ekonomichnoyi-diyalnosti-kved-0,True
kved_2010_25_93,kved_2010,25.93,"Виробництво виробів із дроту, ланцюгів і пружин",C,Переробна промисловість,25,25.9,True,2012-01-01,https://stat.gov.ua/uk/page-contents/klasyfikatsiya-vydiv-ekonomichnoyi-diyalnosti-kved-0,True
kved_2010_25_94,kved_2010,25.94,Виробництво кріпильних і ґвинтонарізних виробів,C,Переробна промисловість,25,25.9,True,2012-01-01,https://stat.gov.ua/uk/page-contents/klasyfikatsiya-vydiv-ekonomichnoyi-diyalnosti-kved-0,True
kved_2010_25_99,kved_2010,25.99,"Виробництво інших готових металевих виробів, н.в.і.у.",C,Переробна промисловість,25,25.9,True,2012-01-01,https://stat.gov.ua/uk/page-contents/klasyfikatsiya-vydiv-ekonomichnoyi-diyalnosti-kved-0,True
kved_2010_26_11,kved_2010,26.11,Виробництво електронних компонентів,C,Переробна промисловість,26,26.1,True,2012-01-01,https://stat.gov.ua/uk/page-contents/klasyfikatsiya-vydiv-ekonomichnoyi-diyalnosti-kved-0,True
kved_2010_26_12,kved_2010,26.12,Виробництво змонтованих електронних плат,C,Переробна промисловість,26,26.1,True,2012-01-01,https://stat.gov.ua/uk/page-contents/klasyfikatsiya-vydiv-ekonomichnoyi-diyalnosti-kved-0,True
kved_2010_26_20,kved_2010,26.20,Виробництво комп'ютерів і периферійного устатковання,C,Переробна промисловість,26,26.2,True,2012-01-01,https://stat.gov.ua/uk/page-contents/klasyfikatsiya-vydiv-ekonomichnoyi-diyalnosti-kved-0,True
kved_2010_26_30,kved_2010,26.30,Виробництво обладнання зв'язку,C,Переробна промисловість,26,26.3,True,2012-01-01,https://stat.gov.ua/uk/page-contents/klasyfikatsiya-vydiv-ekonomichnoyi-diyalnosti-kved-0,True
kved_2010_26_40,kved_2010,26.40,"Виробництво електронної апаратури побутового призначення для приймання, записування та відтворювання звуку й зображення",C,Переробна промисловість,26,26.4,True,2012-01-01,https://stat.gov.ua/uk/page-contents/klasyfikatsiya-vydiv-ekonomichnoyi-diyalnosti-kved-0,True
kved_2010_26_51,kved_2010,26.51,"Виробництво інструментів і обладнання для вимірювання, дослідження та навігації",C,Переробна промисловість,26,26.5,True,2012-01-01,https://stat.gov.ua/uk/page-contents/klasyfikatsiya-vydiv-ekonomichnoyi-diyalnosti-kved-0,True
kved_2010_26_52,kved_2010,26.52,Виробництво годинників,C,Переробна промисловість,26,26.5,True,2012-01-01,https://stat.gov.ua/uk/page-contents/klasyfikatsiya-vydiv-ekonomichnoyi-diyalnosti-kved-0,True
kved_2010_26_60,kved_2010,26.60,"Виробництво радіологічного, електромедичного й електротерапевтичного устатковання",C,Переробна промисловість,26,26.6,True,2012-01-01,https://stat.gov.ua/uk/page-contents/klasyfikatsiya-vydiv-ekonomichnoyi-diyalnosti-kved-0,True
kved_2010_26_70,kved_2010,26.70,Виробництво оптичних приладів і фотографічного устатковання,C,Переробна промисловість,26,26.7,True,2012-01-01,https://stat.gov.ua/uk/page-contents/klasyfikatsiya-vydiv-ekonomichnoyi-diyalnosti-kved-0,True
kved_2010_26_80,kved_2010,26.80,Виробництво магнітних і оптичних носіїв даних,C,Переробна промисловість,26,26.8,True,2012-01-01,https://stat.gov.ua/uk/page-contents/klasyfikatsiya-vydiv-ekonomichnoyi-diyalnosti-kved-0,True
kved_2010_27_11,kved_2010,27.11,"Виробництво електродвигунів, генераторів і трансформаторів",C,Переробна промисловість,27,27.1,True,2012-01-01,https://stat.gov.ua/uk/page-contents/klasyfikatsiya-vydiv-ekonomichnoyi-diyalnosti-kved-0,True
kved_2010_27_12,kved_2010,27.12,Виробництво електророзподільчої та контрольної апаратури,C,Переробна промисловість,27,27.1,True,2012-01-01,https://stat.gov.ua/uk/page-contents/klasyfikatsiya-vydiv-ekonomichnoyi-diyalnosti-kved-0,True
kved_2010_27_20,kved_2010,27.20,Виробництво батарей і акумуляторів,C,Переробна промисловість,27,27.2,True,2012-01-01,https://stat.gov.ua/uk/page-contents/klasyfikatsiya-vydiv-ekonomichnoyi-diyalnosti-kved-0,True
kved_2010_27_31,kved_2010,27.31,Виробництво волоконно-оптичних кабелів,C,Переробна промисловість,27,27.3,True,2012-01-01,https://stat.gov.ua/uk/page-contents/klasyfikatsiya-vydiv-ekonomichnoyi-diyalnosti-kved-0,True
kved_2010_27_32,kved_2010,27.32,Виробництво інших видів електронних і електричних проводів і кабелів,C,Переробна промисловість,27,27.3,True,2012-01-01,https://stat.gov.ua/uk/page-contents/klasyfikatsiya-vydiv-ekonomichnoyi-diyalnosti-kved-0,True
kved_2010_27_33,kved_2010,27.33,Виробництво електромонтажних пристроїв,C,Переробна промисловість,27,27.3,True,2012-01-01,https://stat.gov.ua/uk/page-contents/klasyfikatsiya-vydiv-ekonomichnoyi-diyalnosti-kved-0,True
kved_2010_27_40,kved_2010,27.40,Виробництво електричного освітлювального устатковання,C,Переробна промисловість,27,27.4,True,2012-01-01,https://stat.gov.ua/uk/page-contents/klasyfikatsiya-vydiv-ekonomichnoyi-diyalnosti-kved-0,True
kved_2010_27_51,kved_2010,27.51,Виробництво електричних побутових приладів,C,Переробна промисловість,27,27.5,True,2012-01-01,https://stat.gov.ua/uk/page-contents/klasyfikatsiya-vydiv-ekonomichnoyi-diyalnosti-kved-0,True
kved_2010_27_52,kved_2010,27.52,Виробництво неелектричних побутових приладів,C,Переробна промисловість,27,27.5,True,2012-01-01,https://stat.gov.ua/uk/page-contents/klasyfikatsiya-vydiv-ekonomichnoyi-diyalnosti-kved-0,True
kved_2010_27_90,kved_2010,27.90,Виробництво іншого електричного устатковання,C,Переробна промисловість,27,27.9,True,2012-01-01,https://stat.gov.ua/uk/page-contents/klasyfikatsiya-vydiv-ekonomichnoyi-diyalnosti-kved-0,True
kved_2010_28_11,kved_2010,28.11,"Виробництво двигунів і турбін, крім авіаційних, автотранспортних і мотоциклетних двигунів",C,Переробна промисловість,28,28.1,True,2012-01-01,https://stat.gov.ua/uk/page-contents/klasyfikatsiya-vydiv-ekonomichnoyi-diyalnosti-kved-0,True
kved_2010_28_12,kved_2010,28.12,Виробництво гідравлічного та пневматичного устатковання,C,Переробна промисловість,28,28.1,True,2012-01-01,https://stat.gov.ua/uk/page-contents/klasyfikatsiya-vydiv-ekonomichnoyi-diyalnosti-kved-0,True
kved_2010_28_13,kved_2010,28.13,Виробництво інших помп і компресорів,C,Переробна промисловість,28,28.1,True,2012-01-01,https://stat.gov.ua/uk/page-contents/klasyfikatsiya-vydiv-ekonomichnoyi-diyalnosti-kved-0,True
kved_2010_28_14,kved_2010,28.14,Виробництво інших кранів і клапанів,C,Переробна промисловість,28,28.1,True,2012-01-01,https://stat.gov.ua/uk/page-contents/klasyfikatsiya-vydiv-ekonomichnoyi-diyalnosti-kved-0,True
kved_2010_28_15,kved_2010,28.15,"Виробництво підшипників, зубчастих передач, елементів механічних передач і приводів",C,Переробна промисловість,28,28.1,True,2012-01-01,https://stat.gov.ua/uk/page-contents/klasyfikatsiya-vydiv-ekonomichnoyi-diyalnosti-kved-0,True
kved_2010_28_21,kved_2010,28.21,"Виробництво духових шаф, печей і пічних пальників",C,Переробна промисловість,28,28.2,True,2012-01-01,https://stat.gov.ua/uk/page-contents/klasyfikatsiya-vydiv-ekonomichnoyi-diyalnosti-kved-0,True
kved_2010_28_22,kved_2010,28.22,Виробництво підіймального та вантажно-розвантажувального устатковання,C,Переробна промисловість,28,28.2,True,2012-01-01,https://stat.gov.ua/uk/page-contents/klasyfikatsiya-vydiv-ekonomichnoyi-diyalnosti-kved-0,True
kved_2010_28_23,kved_2010,28.23,"Виробництво офісних машин і устатковання, крім комп'ютерів і периферійного устатковання",C,Переробна промисловість,28,28.2,True,2012-01-01,https://stat.gov.ua/uk/page-contents/klasyfikatsiya-vydiv-ekonomichnoyi-diyalnosti-kved-0,True
kved_2010_28_24,kved_2010,28.24,Виробництво ручних електромеханічних і пневматичних інструментів,C,Переробна промисловість,28,28.2,True,2012-01-01,https://stat.gov.ua/uk/page-contents/klasyfikatsiya-vydiv-ekonomichnoyi-diyalnosti-kved-0,True
kved_2010_28_25,kved_2010,28.25,Виробництво промислового холодильного та вентиляційного устатковання,C,Переробна промисловість,28,28.2,True,2012-01-01,https://stat.gov.ua/uk/page-contents/klasyfikatsiya-vydiv-ekonomichnoyi-diyalnosti-kved-0,True
kved_2010_28_29,kved_2010,28.29,"Виробництво інших машин і устатковання загального призначення, н.в.і.у.",C,Переробна промисловість,28,28.2,True,2012-01-01,https://stat.gov.ua/uk/page-contents/klasyfikatsiya-vydiv-ekonomichnoyi-diyalnosti-kved-0,True
kved_2010_28_30,kved_2010,28.30,Виробництво машин і устатковання для сільського та лісового господарства,C,Переробна промисловість,28,28.3,True,2012-01-01,https://stat.gov.ua/uk/page-contents/klasyfikatsiya-vydiv-ekonomichnoyi-diyalnosti-kved-0,True
kved_2010_28_41,kved_2010,28.41,Виробництво металообробних машин,C,Переробна промисловість,28,28.4,True,2012-01-01,https://stat.gov.ua/uk/page-contents/klasyfikatsiya-vydiv-ekonomichnoyi-diyalnosti-kved-0,True
kved_2010_28_49,kved_2010,28.49,Виробництво інших верстатів,C,Переробна промисловість,28,28.4,True,2012-01-01,https://stat.gov.ua/uk/page-contents/klasyfikatsiya-vydiv-ekonomichnoyi-diyalnosti-kved-0,True
kved_2010_28_91,kved_2010,28.91,Виробництво машин і устатковання для металургії,C,Переробна промисловість,28,28.9,True,2012-01-01,https://stat.gov.ua/uk/page-contents/klasyfikatsiya-vydiv-ekonomichnoyi-diyalnosti-kved-0,True
kved_2010_28_92,kved_2010,28.92,Виробництво машин і устатковання для добувної промисловості та будівництва,C,Переробна промисловість,28,28.9,True,2012-01-01,https://stat.gov.ua/uk/page-contents/klasyfikatsiya-vydiv-ekonomichnoyi-diyalnosti-kved-0,True
kved_2010_28_93,kved_2010,28.93,"Виробництво машин і устатковання для виготовлення харчових продуктів і напоїв, перероблення тютюну",C,Переробна промисловість,28,28.9,True,2012-01-01,https://stat.gov.ua/uk/page-contents/klasyfikatsiya-vydiv-ekonomichnoyi-diyalnosti-kved-0,True
kved_2010_28_94,kved_2010,28.94,"Виробництво машин і устатковання для виготовлення текстильних, швейних, хутряних і шкіряних виробів",C,Переробна промисловість,28,28.9,True,2012-01-01,https://stat.gov.ua/uk/page-contents/klasyfikatsiya-vydiv-ekonomichnoyi-diyalnosti-kved-0,True
kved_2010_28_95,kved_2010,28.95,Виробництво машин і устатковання для виготовлення паперу та картону,C,Переробна промисловість,28,28.9,True,2012-01-01,https://stat.gov.ua/uk/page-contents/klasyfikatsiya-vydiv-ekonomichnoyi-diyalnosti-kved-0,True
kved_2010_28_96,kved_2010,28.96,Виробництво машин і устатковання для виготовлення пластмас і гуми,C,Переробна промисловість,28,28.9,True,2012-01-01,https://stat.gov.ua/uk/page-contents/klasyfikatsiya-vydiv-ekonomichnoyi-diyalnosti-kved-0,True
kved_2010_28_99,kved_2010,28.99,"Виробництво інших машин і устатковання спеціального призначення, н.в.і.у.",C,Переробна промисловість,28,28.9,True,2012-01-01,https://stat.gov.ua/uk/page-contents/klasyfikatsiya-vydiv-ekonomichnoyi-diyalnosti-kved-0,True
kved_2010_29_10,kved_2010,29.10,Виробництво автотранспортних засобів,C,Переробна промисловість,29,29.1,True,2012-01-01,https://stat.gov.ua/uk/page-contents/klasyfikatsiya-vydiv-ekonomichnoyi-diyalnosti-kved-0,True
kved_2010_29_20,kved_2010,29.20,"Виробництво кузовів для автотранспортних засобів, причепів і напівпричепів",C,Переробна промисловість,29,29.2,True,2012-01-01,https://stat.gov.ua/uk/page-contents/klasyfikatsiya-vydiv-ekonomichnoyi-diyalnosti-kved-0,True
kved_2010_29_31,kved_2010,29.31,Виробництво електричного й електронного устатковання для автотранспортних засобів,C,Переробна промисловість,29,29.3,True,2012-01-01,https://stat.gov.ua/uk/page-contents/klasyfikatsiya-vydiv-ekonomichnoyi-diyalnosti-kved-0,True
kved_2010_29_32,kved_2010,29.32,"Виробництво інших вузлів, деталей і приладдя для автотранспортних засобів",C,Переробна промисловість,29,29.3,True,2012-01-01,https://stat.gov.ua/uk/page-contents/klasyfikatsiya-vydiv-ekonomichnoyi-diyalnosti-kved-0,True
kved_2010_30_11,kved_2010,30.11,Будування суден і плавучих конструкцій,C,Переробна промисловість,30,30.1,True,2012-01-01,https://stat.gov.ua/uk/page-contents/klasyfikatsiya-vydiv-ekonomichnoyi-diyalnosti-kved-0,True
kved_2010_30_12,kved_2010,30.12,Будування прогулянкових і спортивних човнів,C,Переробна промисловість,30,30.1,True,2012-01-01,https://stat.gov.ua/uk/page-contents/klasyfikatsiya-vydiv-ekonomichnoyi-diyalnosti-kved-0,True
kved_2010_30_20,kved_2010,30.20,Виробництво залізничних локомотивів і рухомого складу,C,Переробна промисловість,30,30.2,True,2012-01-01,https://stat.gov.ua/uk/page-contents/klasyfikatsiya-vydiv-ekonomichnoyi-diyalnosti-kved-0,True
kved_2010_30_30,kved_2010,30.30,"Виробництво повітряних і космічних літальних апаратів, супутнього устатковання",C,Переробна промисловість,30,30.3,True,2012-01-01,https://stat.gov.ua/uk/page-contents/klasyfikatsiya-vydiv-ekonomichnoyi-diyalnosti-kved-0,True
kved_2010_30_40,kved_2010,30.40,Виробництво військових транспортних засобів,C,Переробна промисловість,30,30.4,True,2012-01-01,https://stat.gov.ua/uk/page-contents/klasyfikatsiya-vydiv-ekonomichnoyi-diyalnosti-kved-0,True
kved_2010_30_91,kved_2010,30.91,Виробництво мотоциклів,C,Переробна промисловість,30,30.9,True,2012-01-01,https://stat.gov.ua/uk/page-contents/klasyfikatsiya-vydiv-ekonomichnoyi-diyalnosti-kved-0,True
kved_2010_30_92,kved_2010,30.92,"Виробництво велосипедів, дитячих та інвалідних колясок",C,Переробна промисловість,30,30.9,True,2012-01-01,https://stat.gov.ua/uk/page-contents/klasyfikatsiya-vydiv-ekonomichnoyi-diyalnosti-kved-0,True
kved_2010_30_99,kved_2010,30.99,"Виробництво інших транспортних засобів і обладнання, н.в.і.у.",C,Переробна промисловість,30,30.9,True,2012-01-01,https://stat.gov.ua/uk/page-contents/klasyfikatsiya-vydiv-ekonomichnoyi-diyalnosti-kved-0,True
kved_2010_31_01,kved_2010,31.01,Виробництво меблів для офісів і підприємств торгівлі,C,Переробна промисловість,31,31.0,True,2012-01-01,https://stat.gov.ua/uk/page-contents/klasyfikatsiya-vydiv-ekonomichnoyi-diyalnosti-kved-0,True
kved_2010_31_02,kved_2010,31.02,Виробництво кухонних меблів,C,Переробна промисловість,31,31.0,True,2012-01-01,https://stat.gov.ua/uk/page-contents/klasyfikatsiya-vydiv-ekonomichnoyi-diyalnosti-kved-0,True
kved_2010_31_03,kved_2010,31.03,Виробництво матраців,C,Переробна промисловість,31,31.0,True,2012-01-01,https://stat.gov.ua/uk/page-contents/klasyfikatsiya-vydiv-ekonomichnoyi-diyalnosti-kved-0,True
kved_2010_31_09,kved_2010,31.09,Виробництво інших меблів,C,Переробна промисловість,31,31.0,True,2012-01-01,https://stat.gov.ua/uk/page-contents/klasyfikatsiya-vydiv-ekonomichnoyi-diyalnosti-kved-0,True
kved_2010_32_11,kved_2010,32.11,Карбування монет,C,Переробна промисловість,32,32.1,True,2012-01-01,https://stat.gov.ua/uk/page-contents/klasyfikatsiya-vydiv-ekonomichnoyi-diyalnosti-kved-0,True
kved_2010_32_12,kved_2010,32.12,Виробництво ювелірних і подібних виробів,C,Переробна промисловість,32,32.1,True,2012-01-01,https://stat.gov.ua/uk/page-contents/klasyfikatsiya-vydiv-ekonomichnoyi-diyalnosti-kved-0,True
kved_2010_32_13,kved_2010,32.13,Виробництво біжутерії та подібних виробів,C,Переробна промисловість,32,32.1,True,2012-01-01,https://stat.gov.ua/uk/page-contents/klasyfikatsiya-vydiv-ekonomichnoyi-diyalnosti-kved-0,True
kved_2010_32_20,kved_2010,32.20,Виробництво музичних інструментів,C,Переробна промисловість,32,32.2,True,2012-01-01,https://stat.gov.ua/uk/page-contents/klasyfikatsiya-vydiv-ekonomichnoyi-diyalnosti-kved-0,True
kved_2010_32_30,kved_2010,32.30,Виробництво спортивних товарів,C,Переробна промисловість,32,32.3,True,2012-01-01,https://stat.gov.ua/uk/page-contents/klasyfikatsiya-vydiv-ekonomichnoyi-diyalnosti-kved-0,True
kved_2010_32_40,kved_2010,32.40,Виробництво ігор та іграшок,C,Переробна промисловість,32,32.4,True,2012-01-01,https://stat.gov.ua/uk/page-contents/klasyfikatsiya-vydiv-ekonomichnoyi-diyalnosti-kved-0,True
kved_2010_32_50,kved_2010,32.50,Виробництво медичних і стоматологічних інструментів і матеріалів,C,Переробна промисловість,32,32.5,True,2012-01-01,https://stat.gov.ua/uk/page-contents/klasyfikatsiya-vydiv-ekonomichnoyi-diyalnosti-kved-0,True
kved_2010_32_91,kved_2010,32.91,Виробництво мітел і щіток,C,Переробна промисловість,32,32.9,True,2012-01-01,https://stat.gov.ua/uk/page-contents/klasyfikatsiya-vydiv-ekonomichnoyi-diyalnosti-kved-0,True
kved_2010_32_99,kved_2010,32.99,"Виробництво іншої продукції, н.в.і.у.",C,Переробна промисловість,32,32.9,True,2012-01-01,https://stat.gov.ua/uk/page-contents/klasyfikatsiya-vydiv-ekonomichnoyi-diyalnosti-kved-0,True
kved_2010_33_11,kved_2010,33.11,Ремонт і технічне обслуговування готових металевих виробів,C,Переробна промисловість,33,33.1,True,2012-01-01,https://stat.gov.ua/uk/page-contents/klasyfikatsiya-vydiv-ekonomichnoyi-diyalnosti-kved-0,True
kved_2010_33_12,kved_2010,33.12,Ремонт і технічне обслуговування машин і устатковання промислового призначення,C,Переробна промисловість,33,33.1,True,2012-01-01,https://stat.gov.ua/uk/page-contents/klasyfikatsiya-vydiv-ekonomichnoyi-diyalnosti-kved-0,True
kved_2010_33_13,kved_2010,33.13,Ремонт і технічне обслуговування електронного й оптичного устатковання,C,Переробна промисловість,33,33.1,True,2012-01-01,https://stat.gov.ua/uk/page-contents/klasyfikatsiya-vydiv-ekonomichnoyi-diyalnosti-kved-0,True
kved_2010_33_14,kved_2010,33.14,Ремонт і технічне обслуговування електричного устатковання,C,Переробна промисловість,33,33.1,True,2012-01-01,https://stat.gov.ua/uk/page-contents/klasyfikatsiya-vydiv-ekonomichnoyi-diyalnosti-kved-0,True
kved_2010_33_15,kved_2010,33.15,Ремонт і технічне обслуговування суден і човнів,C,Переробна промисловість,33,33.1,True,2012-01-01,https://stat.gov.ua/uk/page-contents/klasyfikatsiya-vydiv-ekonomichnoyi-diyalnosti-kved-0,True
kved_2010_33_16,kved_2010,33.16,Ремонт і технічне обслуговування повітряних і космічних літальних апаратів,C,Переробна промисловість,33,33.1,True,2012-01-01,https://stat.gov.ua/uk/page-contents/klasyfikatsiya-vydiv-ekonomichnoyi-diyalnosti-kved-0,True
kved_2010_33_17,kved_2010,33.17,Ремонт і технічне обслуговування інших транспортних засобів,C,Переробна промисловість,33,33.1,True,2012-01-01,https://stat.gov.ua/uk/page-contents/klasyfikatsiya-vydiv-ekonomichnoyi-diyalnosti-kved-0,True
kved_2010_33_19,kved_2010,33.19,Ремонт і технічне обслуговування інших машин і устатковання,C,Переробна промисловість,33,33.1,True,2012-01-01,https://stat.gov.ua/uk/page-contents/klasyfikatsiya-vydiv-ekonomichnoyi-diyalnosti-kved-0,True
kved_2010_33_20,kved_2010,33.20,Установлення та монтаж машин і устатковання,C,Переробна промисловість,33,33.2,True,2012-01-01,https://stat.gov.ua/uk/page-contents/klasyfikatsiya-vydiv-ekonomichnoyi-diyalnosti-kved-0,True
kved_2010_35_11,kved_2010,35.11,Виробництво електроенергії,D,"Постачання електроенергії, газу, пари та кондиційованого повітря",35,35.1,True,2012-01-01,https://stat.gov.ua/uk/page-contents/klasyfikatsiya-vydiv-ekonomichnoyi-diyalnosti-kved-0,True
kved_2010_35_12,kved_2010,35.12,Передача електроенергії,D,"Постачання електроенергії, газу, пари та кондиційованого повітря",35,35.1,True,2012-01-01,https://stat.gov.ua/uk/page-contents/klasyfikatsiya-vydiv-ekonomichnoyi-diyalnosti-kved-0,True
kved_2010_35_13,kved_2010,35.13,Розподілення електроенергії,D,"Постачання електроенергії, газу, пари та кондиційованого повітря",35,35.1,True,2012-01-01,https://stat.gov.ua/uk/page-contents/klasyfikatsiya-vydiv-ekonomichnoyi-diyalnosti-kved-0,True
kved_2010_35_14,kved_2010,35.14,Торгівля електроенергією,D,"Постачання електроенергії, газу, пари та кондиційованого повітря",35,35.1,True,2012-01-01,https://stat.gov.ua/uk/page-contents/klasyfikatsiya-vydiv-ekonomichnoyi-diyalnosti-kved-0,True
kved_2010_35_21,kved_2010,35.21,Виробництво газу,D,"Постачання електроенергії, газу, пари та кондиційованого повітря",35,35.2,True,2012-01-01,https://stat.gov.ua/uk/page-contents/klasyfikatsiya-vydiv-ekonomichnoyi-diyalnosti-kved-0,True
kved_2010_35_22,kved_2010,35.22,Розподілення газоподібного палива через місцеві (локальні) трубопроводи,D,"Постачання електроенергії, газу, пари та кондиційованого повітря",35,35.2,True,2012-01-01,https://stat.gov.ua/uk/page-contents/klasyfikatsiya-vydiv-ekonomichnoyi-diyalnosti-kved-0,True
kved_2010_35_23,kved_2010,35.23,Торгівля газом через місцеві (локальні) трубопроводи,D,"Постачання електроенергії, газу, пари та кондиційованого повітря",35,35.2,True,2012-01-01,https://stat.gov.ua/uk/page-contents/klasyfikatsiya-vydiv-ekonomichnoyi-diyalnosti-kved-0,True
kved_2010_35_30,kved_2010,35.30,"Постачання пари, гарячої води та кондиційованого повітря",D,"Постачання електроенергії, газу, пари та кондиційованого повітря",35,35.3,True,2012-01-01,https://stat.gov.ua/uk/page-contents/klasyfikatsiya-vydiv-ekonomichnoyi-diyalnosti-kved-0,True
kved_2010_36_00,kved_2010,36.00,"Забір, очищення та постачання води",E,"Водопостачання; каналізація, поводження з відходами",36,36.0,True,2012-01-01,https://stat.gov.ua/uk/page-contents/klasyfikatsiya-vydiv-ekonomichnoyi-diyalnosti-kved-0,True
kved_2010_37_00,kved_2010,37.00,"Каналізація, відведення й очищення стічних вод",E,"Водопостачання; каналізація, поводження з відходами",37,37.0,True,2012-01-01,https://stat.gov.ua/uk/page-contents/klasyfikatsiya-vydiv-ekonomichnoyi-diyalnosti-kved-0,True
kved_2010_38_11,kved_2010,38.11,Збирання безпечних відходів,E,"Водопостачання; каналізація, поводження з відходами",38,38.1,True,2012-01-01,https://stat.gov.ua/uk/page-contents/klasyfikatsiya-vydiv-ekonomichnoyi-diyalnosti-kved-0,True
kved_2010_38_12,kved_2010,38.12,Збирання небезпечних відходів,E,"Водопостачання; каналізація, поводження з відходами",38,38.1,True,2012-01-01,https://stat.gov.ua/uk/page-contents/klasyfikatsiya-vydiv-ekonomichnoyi-diyalnosti-kved-0,True
kved_2010_38_21,kved_2010,38.21,Оброблення та видалення безпечних відходів,E,"Водопостачання; каналізація, поводження з відходами",38,38.2,True,2012-01-01,https://stat.gov.ua/uk/page-contents/klasyfikatsiya-vydiv-ekonomichnoyi-diyalnosti-kved-0,True
kved_2010_38_22,kved_2010,38.22,Оброблення та видалення небезпечних відходів,E,"Водопостачання; каналізація, поводження з відходами",38,38.2,True,2012-01-01,https://stat.gov.ua/uk/page-contents/klasyfikatsiya-vydiv-ekonomichnoyi-diyalnosti-kved-0,True
kved_2010_38_31,kved_2010,38.31,Демонтаж (розбирання) машин і устатковання,E,"Водопостачання; каналізація, поводження з відходами",38,38.3,True,2012-01-01,https://stat.gov.ua/uk/page-contents/klasyfikatsiya-vydiv-ekonomichnoyi-diyalnosti-kved-0,True
kved_2010_38_32,kved_2010,38.32,Відновлення відсортованих відходів,E,"Водопостачання; каналізація, поводження з відходами",38,38.3,True,2012-01-01,https://stat.gov.ua/uk/page-contents/klasyfikatsiya-vydiv-ekonomichnoyi-diyalnosti-kved-0,True
kved_2010_39_00,kved_2010,39.00,Інша діяльність щодо поводження з відходами,E,"Водопостачання; каналізація, поводження з відходами",39,39.0,True,2012-01-01,https://stat.gov.ua/uk/page-contents/klasyfikatsiya-vydiv-ekonomichnoyi-diyalnosti-kved-0,True
kved_2010_41_10,kved_2010,41.10,Організація будівництва будівель,F,Будівництво,41,41.1,True,2012-01-01,https://stat.gov.ua/uk/page-contents/klasyfikatsiya-vydiv-ekonomichnoyi-diyalnosti-kved-0,True
kved_2010_41_20,kved_2010,41.20,Будівництво житлових і нежитлових будівель,F,Будівництво,41,41.2,True,2012-01-01,https://stat.gov.ua/uk/page-contents/klasyfikatsiya-vydiv-ekonomichnoyi-diyalnosti-kved-0,True
kved_2010_42_11,kved_2010,42.11,Будівництво доріг і автострад,F,Будівництво,42,42.1,True,2012-01-01,https://stat.gov.ua/uk/page-contents/klasyfikatsiya-vydiv-ekonomichnoyi-diyalnosti-kved-0,True
kved_2010_42_12,kved_2010,42.12,Будівництво залізниць і метрополітену,F,Будівництво,42,42.1,True,2012-01-01,https://stat.gov.ua/uk/page-contents/klasyfikatsiya-vydiv-ekonomichnoyi-diyalnosti-kved-0,True
kved_2010_42_13,kved_2010,42.13,Будівництво мостів і тунелів,F,Будівництво,42,42.1,True,2012-01-01,https://stat.gov.ua/uk/page-contents/klasyfikatsiya-vydiv-ekonomichnoyi-diyalnosti-kved-0,True
kved_2010_42_21,kved_2010,42.21,Будівництво трубопроводів,F,Будівництво,42,42.2,True,2012-01-01,https://stat.gov.ua/uk/page-contents/klasyfikatsiya-vydiv-ekonomichnoyi-diyalnosti-kved-0,True
kved_2010_42_22,kved_2010,42.22,Будівництво споруд електропостачання та телекомунікацій,F,Будівництво,42,42.2,True,2012-01-01,https://stat.gov.ua/uk/page-contents/klasyfikatsiya-vydiv-ekonomichnoyi-diyalnosti-kved-0,True
kved_2010_42_91,kved_2010,42.91,Будівництво водних споруд,F,Будівництво,42,42.9,True,2012-01-01,https://stat.gov.ua/uk/page-contents/klasyfikatsiya-vydiv-ekonomichnoyi-diyalnosti-kved-0,True
kved_2010_42_99,kved_2010,42.99,"Будівництво інших споруд, н.в.і.у.",F,Будівництво,42,42.9,True,2012-01-01,https://stat.gov.ua/uk/page-contents/klasyfikatsiya-vydiv-ekonomichnoyi-diyalnosti-kved-0,True
kved_2010_43_11,kved_2010,43.11,Знесення,F,Будівництво,43,43.1,True,2012-01-01,https://stat.gov.ua/uk/page-contents/klasyfikatsiya-vydiv-ekonomichnoyi-diyalnosti-kved-0,True
kved_2010_43_12,kved_2010,43.12,Підготовчі роботи на будівельному майданчику,F,Будівництво,43,43.1,True,2012-01-01,https://stat.gov.ua/uk/page-contents/klasyfikatsiya-vydiv-ekonomichnoyi-diyalnosti-kved-0,True
kved_2010_43_13,kved_2010,43.13,Розвідувальне буріння,F,Будівництво,43,43.1,True,2012-01-01,https://stat.gov.ua/uk/page-contents/klasyfikatsiya-vydiv-ekonomichnoyi-diyalnosti-kved-0,True
kved_2010_43_21,kved_2010,43.21,Електромонтажні роботи,F,Будівництво,43,43.2,True,2012-01-01,https://stat.gov.ua/uk/page-contents/klasyfikatsiya-vydiv-ekonomichnoyi-diyalnosti-kved-0,True
kved_2010_43_22,kved_2010,43.22,"Монтаж водопровідних мереж, систем опалення та кондиціонування",F,Будівництво,43,43.2,True,2012-01-01,https://stat.gov.ua/uk/page-contents/klasyfikatsiya-vydiv-ekonomichnoyi-diyalnosti-kved-0,True
kved_2010_43_29,kved_2010,43.29,Інші будівельно-монтажні роботи,F,Будівництво,43,43.2,True,2012-01-01,https://stat.gov.ua/uk/page-contents/klasyfikatsiya-vydiv-ekonomichnoyi-diyalnosti-kved-0,True
kved_2010_43_31,kved_2010,43.31,Штукатурні роботи,F,Будівництво,43,43.3,True,2012-01-01,https://stat.gov.ua/uk/page-contents/klasyfikatsiya-vydiv-ekonomichnoyi-diyalnosti-kved-0,True
kved_2010_43_32,kved_2010,43.32,Установлення столярних виробів,F,Будівництво,43,43.3,True,2012-01-01,https://stat.gov.ua/uk/page-contents/klasyfikatsiya-vydiv-ekonomichnoyi-diyalnosti-kved-0,True
kved_2010_43_33,kved_2010,43.33,Покриття підлоги й облицювання стін,F,Будівництво,43,43.3,True,2012-01-01,https://stat.gov.ua/uk/page-contents/klasyfikatsiya-vydiv-ekonomichnoyi-diyalnosti-kved-0,True
kved_2010_43_34,kved_2010,43.34,Малярні роботи та скління,F,Будівництво,43,43.3,True,2012-01-01,https://stat.gov.ua/uk/page-contents/klasyfikatsiya-vydiv-ekonomichnoyi-diyalnosti-kved-0,True
kved_2010_43_39,kved_2010,43.39,Інші роботи із завершення будівництва,F,Будівництво,43,43.3,True,2012-01-01,https://stat.gov.ua/uk/page-contents/klasyfikatsiya-vydiv-ekonomichnoyi-diyalnosti-kved-0,True
kved_2010_43_91,kved_2010,43.91,Покрівельні роботи,F,Будівництво,43,43.9,True,2012-01-01,https://stat.gov.ua/uk/page-contents/klasyfikatsiya-vydiv-ekonomichnoyi-diyalnosti-kved-0,True
kved_2010_43_99,kved_2010,43.99,"Інші спеціалізовані будівельні роботи, н.в.і.у.",F,Будівництво,43,43.9,True,2012-01-01,https://stat.gov.ua/uk/page-contents/klasyfikatsiya-vydiv-ekonomichnoyi-diyalnosti-kved-0,True
kved_2010_45_11,kved_2010,45.11,Торгівля автомобілями та легковими автотранспортними засобами,G,Оптова та роздрібна торгівля; ремонт автотранспортних засобів і мотоциклів,45,45.1,True,2012-01-01,https://stat.gov.ua/uk/page-contents/klasyfikatsiya-vydiv-ekonomichnoyi-diyalnosti-kved-0,True
kved_2010_45_19,kved_2010,45.19,Торгівля іншими автотранспортними засобами,G,Оптова та роздрібна торгівля; ремонт автотранспортних засобів і мотоциклів,45,45.1,True,2012-01-01,https://stat.gov.ua/uk/page-contents/klasyfikatsiya-vydiv-ekonomichnoyi-diyalnosti-kved-0,True
kved_2010_45_20,kved_2010,45.20,Технічне обслуговування та ремонт автотранспортних засобів,G,Оптова та роздрібна торгівля; ремонт автотранспортних засобів і мотоциклів,45,45.2,True,2012-01-01,https://stat.gov.ua/uk/page-contents/klasyfikatsiya-vydiv-ekonomichnoyi-diyalnosti-kved-0,True
kved_2010_45_31,kved_2010,45.31,Оптова торгівля деталями та приладдям для автотранспортних засобів,G,Оптова та роздрібна торгівля; ремонт автотранспортних засобів і мотоциклів,45,45.3,True,2012-01-01,https://stat.gov.ua/uk/page-contents/klasyfikatsiya-vydiv-ekonomichnoyi-diyalnosti-kved-0,True
kved_2010_45_32,kved_2010,45.32,Роздрібна торгівля деталями та приладдям для автотранспортних засобів,G,Оптова та роздрібна торгівля; ремонт автотранспортних засобів і мотоциклів,45,45.3,True,2012-01-01,https://stat.gov.ua/uk/page-contents/klasyfikatsiya-vydiv-ekonomichnoyi-diyalnosti-kved-0,True
kved_2010_45_40,kved_2010,45.40,"Торгівля мотоциклами, деталями та приладдям до них, технічне обслуговування і ремонт мотоциклів",G,Оптова та роздрібна торгівля; ремонт автотранспортних засобів і мотоциклів,45,45.4,True,2012-01-01,https://stat.gov.ua/uk/page-contents/klasyfikatsiya-vydiv-ekonomichnoyi-diyalnosti-kved-0,True
kved_2010_46_11,kved_2010,46.11,"Діяльність посередників у торгівлі сільськогосподарською сировиною, живими тваринами, текстильною сировиною та напівфабрикатами",G,Оптова та роздрібна торгівля; ремонт автотранспортних засобів і мотоциклів,46,46.1,True,2012-01-01,https://stat.gov.ua/uk/page-contents/klasyfikatsiya-vydiv-ekonomichnoyi-diyalnosti-kved-0,True
kved_2010_46_12,kved_2010,46.12,"Діяльність посередників у торгівлі паливом, рудами, металами та промисловими хімічними речовинами",G,Оптова та роздрібна торгівля; ремонт автотранспортних засобів і мотоциклів,46,46.1,True,2012-01-01,https://stat.gov.ua/uk/page-contents/klasyfikatsiya-vydiv-ekonomichnoyi-diyalnosti-kved-0,True
kved_2010_46_13,kved_2010,46.13,"Діяльність посередників у торгівлі деревиною, будівельними матеріалами та санітарно-технічними виробами",G,Оптова та роздрібна торгівля; ремонт автотранспортних засобів і мотоциклів,46,46.1,True,2012-01-01,https://stat.gov.ua/uk/page-contents/klasyfikatsiya-vydiv-ekonomichnoyi-diyalnosti-kved-0,True
kved_2010_46_14,kved_2010,46.14,"Діяльність посередників у торгівлі машинами, промисловим устаткованням, суднами та літаками",G,Оптова та роздрібна торгівля; ремонт автотранспортних засобів і мотоциклів,46,46.1,True,2012-01-01,https://stat.gov.ua/uk/page-contents/klasyfikatsiya-vydiv-ekonomichnoyi-diyalnosti-kved-0,True
kved_2010_46_15,kved_2010,46.15,"Діяльність посередників у торгівлі меблями, господарськими товарами, залізними та іншими металевими виробами",G,Оптова та роздрібна торгівля; ремонт автотранспортних засобів і мотоциклів,46,46.1,True,2012-01-01,https://stat.gov.ua/uk/page-contents/klasyfikatsiya-vydiv-ekonomichnoyi-diyalnosti-kved-0,True
kved_2010_46_16,kved_2010,46.16,"Діяльність посередників у торгівлі текстильними виробами, одягом, хутром, взуттям і шкіряними виробами",G,Оптова та роздрібна торгівля; ремонт автотранспортних засобів і мотоциклів,46,46.1,True,2012-01-01,https://stat.gov.ua/uk/page-contents/klasyfikatsiya-vydiv-ekonomichnoyi-diyalnosti-kved-0,True
kved_2010_46_17,kved_2010,46.17,"Діяльність посередників у торгівлі продуктами харчування, напоями та тютюновими виробами",G,Оптова та роздрібна торгівля; ремонт автотранспортних засобів і мотоциклів,46,46.1,True,2012-01-01,https://stat.gov.ua/uk/page-contents/klasyfikatsiya-vydiv-ekonomichnoyi-diyalnosti-kved-0,True
kved_2010_46_18,kved_2010,46.18,"Діяльність посередників, що спеціалізуються в торгівлі іншими товарами",G,Оптова та роздрібна торгівля; ремонт автотранспортних засобів і мотоциклів,46,46.1,True,2012-01-01,https://stat.gov.ua/uk/page-contents/klasyfikatsiya-vydiv-ekonomichnoyi-diyalnosti-kved-0,True
kved_2010_46_19,kved_2010,46.19,Діяльність посередників у торгівлі товарами широкого асортименту,G,Оптова та роздрібна торгівля; ремонт автотранспортних засобів і мотоциклів,46,46.1,True,2012-01-01,https://stat.gov.ua/uk/page-contents/klasyfikatsiya-vydiv-ekonomichnoyi-diyalnosti-kved-0,True
kved_2010_46_21,kved_2010,46.21,"Оптова торгівля зерном, необробленим тютюном, насінням і кормами для тварин",G,Оптова та роздрібна торгівля; ремонт автотранспортних засобів і мотоциклів,46,46.2,True,2012-01-01,https://stat.gov.ua/uk/page-contents/klasyfikatsiya-vydiv-ekonomichnoyi-diyalnosti-kved-0,True
kved_2010_46_22,kved_2010,46.22,Оптова торгівля квітами та рослинами,G,Оптова та роздрібна торгівля; ремонт автотранспортних засобів і мотоциклів,46,46.2,True,2012-01-01,https://stat.gov.ua/uk/page-contents/klasyfikatsiya-vydiv-ekonomichnoyi-diyalnosti-kved-0,True
kved_2010_46_23,kved_2010,46.23,Оптова торгівля живими тваринами,G,Оптова та роздрібна торгівля; ремонт автотранспортних засобів і мотоциклів,46,46.2,True,2012-01-01,https://stat.gov.ua/uk/page-contents/klasyfikatsiya-vydiv-ekonomichnoyi-diyalnosti-kved-0,True
kved_2010_46_24,kved_2010,46.24,"Оптова торгівля шкірсировиною, шкурами та шкірою",G,Оптова та роздрібна торгівля; ремонт автотранспортних засобів і мотоциклів,46,46.2,True,2012-01-01,https://stat.gov.ua/uk/page-contents/klasyfikatsiya-vydiv-ekonomichnoyi-diyalnosti-kved-0,True
kved_2010_46_31,kved_2010,46.31,Оптова торгівля фруктами й овочами,G,Оптова та роздрібна торгівля; ремонт автотранспортних засобів і мотоциклів,46,46.3,True,2012-01-01,https://stat.gov.ua/uk/page-contents/klasyfikatsiya-vydiv-ekonomichnoyi-diyalnosti-kved-0,True
kved_2010_46_32,kved_2010,46.32,Оптова торгівля м'ясом і м'ясними продуктами,G,Оптова та роздрібна торгівля; ремонт автотранспортних засобів і мотоциклів,46,46.3,True,2012-01-01,https://stat.gov.ua/uk/page-contents/klasyfikatsiya-vydiv-ekonomichnoyi-diyalnosti-kved-0,True
kved_2010_46_33,kved_2010,46.33,"Оптова торгівля молочними продуктами, яйцями, харчовими оліями та жирами",G,Оптова та роздрібна торгівля; ремонт автотранспортних засобів і мотоциклів,46,46.3,True,2012-01-01,https://stat.gov.ua/uk/page-contents/klasyfikatsiya-vydiv-ekonomichnoyi-diyalnosti-kved-0,True
kved_2010_46_34,kved_2010,46.34,Оптова торгівля напоями,G,Оптова та роздрібна торгівля; ремонт автотранспортних засобів і мотоциклів,46,46.3,True,2012-01-01,https://stat.gov.ua/uk/page-contents/klasyfikatsiya-vydiv-ekonomichnoyi-diyalnosti-kved-0,True
kved_2010_46_35,kved_2010,46.35,Оптова торгівля тютюновими виробами,G,Оптова та роздрібна торгівля; ремонт автотранспортних засобів і мотоциклів,46,46.3,True,2012-01-01,https://stat.gov.ua/uk/page-contents/klasyfikatsiya-vydiv-ekonomichnoyi-diyalnosti-kved-0,True
kved_2010_46_36,kved_2010,46.36,"Оптова торгівля цукром, шоколадом і кондитерськими виробами",G,Оптова та роздрібна торгівля; ремонт автотранспортних засобів і мотоциклів,46,46.3,True,2012-01-01,https://stat.gov.ua/uk/page-contents/klasyfikatsiya-vydiv-ekonomichnoyi-diyalnosti-kved-0,True
kved_2010_46_37,kved_2010,46.37,"Оптова торгівля кавою, чаєм, какао та прянощами",G,Оптова та роздрібна торгівля; ремонт автотранспортних засобів і мотоциклів,46,46.3,True,2012-01-01,https://stat.gov.ua/uk/page-contents/klasyfikatsiya-vydiv-ekonomichnoyi-diyalnosti-kved-0,True
kved_2010_46_38,kved_2010,46.38,"Оптова торгівля іншими продуктами харчування, у тому числі рибою, ракоподібними та молюсками",G,Оптова та роздрібна торгівля; ремонт автотранспортних засобів і мотоциклів,46,46.3,True,2012-01-01,https://stat.gov.ua/uk/page-contents/klasyfikatsiya-vydiv-ekonomichnoyi-diyalnosti-kved-0,True
kved_2010_46_39,kved_2010,46.39,"Неспеціалізована оптова торгівля продуктами харчування, напоями та тютюновими виробами",G,Оптова та роздрібна торгівля; ремонт автотранспортних засобів і мотоциклів,46,46.3,True,2012-01-01,https://stat.gov.ua/uk/page-contents/klasyfikatsiya-vydiv-ekonomichnoyi-diyalnosti-kved-0,True
kved_2010_46_41,kved_2010,46.41,Оптова торгівля текстильними товарами,G,Оптова та роздрібна торгівля; ремонт автотранспортних засобів і мотоциклів,46,46.4,True,2012-01-01,https://stat.gov.ua/uk/page-contents/klasyfikatsiya-vydiv-ekonomichnoyi-diyalnosti-kved-0,True
kved_2010_46_42,kved_2010,46.42,Оптова торгівля одягом і взуттям,G,Оптова та роздрібна торгівля; ремонт автотранспортних засобів і мотоциклів,46,46.4,True,2012-01-01,https://stat.gov.ua/uk/page-contents/klasyfikatsiya-vydiv-ekonomichnoyi-diyalnosti-kved-0,True
kved_2010_46_43,kved_2010,46.43,"Оптова торгівля побутовими електротоварами й електронною апаратурою побутового призначення для приймання, записування, відтворювання звуку й зображення",G,Оптова та роздрібна торгівля; ремонт автотранспортних засобів і мотоциклів,46,46.4,True,2012-01-01,https://stat.gov.ua/uk/page-contents/klasyfikatsiya-vydiv-ekonomichnoyi-diyalnosti-kved-0,True
kved_2010_46_44,kved_2010,46.44,"Оптова торгівля фарфором, скляним посудом і засобами для чищення",G,Оптова та роздрібна торгівля; ремонт автотранспортних засобів і мотоциклів,46,46.4,True,2012-01-01,https://stat.gov.ua/uk/page-contents/klasyfikatsiya-vydiv-ekonomichnoyi-diyalnosti-kved-0,True
kved_2010_46_45,kved_2010,46.45,Оптова торгівля парфумними та косметичними товарами,G,Оптова та роздрібна торгівля; ремонт автотранспортних засобів і мотоциклів,46,46.4,True,2012-01-01,https://stat.gov.ua/uk/page-contents/klasyfikatsiya-vydiv-ekonomichnoyi-diyalnosti-kved-0,True
kved_2010_46_46,kved_2010,46.46,Оптова торгівля фармацевтичними товарами,G,Оптова та роздрібна торгівля; ремонт автотранспортних засобів і мотоциклів,46,46.4,True,2012-01-01,https://stat.gov.ua/uk/page-contents/klasyfikatsiya-vydiv-ekonomichnoyi-diyalnosti-kved-0,True
kved_2010_46_47,kved_2010,46.47,"Оптова торгівля меблями, килимами й освітлювальним приладдям",G,Оптова та роздрібна торгівля; ремонт автотранспортних засобів і мотоциклів,46,46.4,True,2012-01-01,https://stat.gov.ua/uk/page-contents/klasyfikatsiya-vydiv-ekonomichnoyi-diyalnosti-kved-0,True
kved_2010_46_48,kved_2010,46.48,Оптова торгівля годинниками та ювелірними виробами,G,Оптова та роздрібна торгівля; ремонт автотранспортних засобів і мотоциклів,46,46.4,True,2012-01-01,https://stat.gov.ua/uk/page-contents/klasyfikatsiya-vydiv-ekonomichnoyi-diyalnosti-kved-0,True
kved_2010_46_49,kved_2010,46.49,Оптова торгівля іншими товарами господарського призначення,G,Оптова та роздрібна торгівля; ремонт автотранспортних засобів і мотоциклів,46,46.4,True,2012-01-01,https://stat.gov.ua/uk/page-contents/klasyfikatsiya-vydiv-ekonomichnoyi-diyalnosti-kved-0,True
kved_2010_46_51,kved_2010,46.51,"Оптова торгівля комп'ютерами, периферійним устаткованням і програмним забезпеченням",G,Оптова та роздрібна торгівля; ремонт автотранспортних засобів і мотоциклів,46,46.5,True,2012-01-01,https://stat.gov.ua/uk/page-contents/klasyfikatsiya-vydiv-ekonomichnoyi-diyalnosti-kved-0,True
kved_2010_46_52,kved_2010,46.52,"Оптова торгівля електронним і телекомунікаційним устаткованням, деталями до нього",G,Оптова та роздрібна торгівля; ремонт автотранспортних засобів і мотоциклів,46,46.5,True,2012-01-01,https://stat.gov.ua/uk/page-contents/klasyfikatsiya-vydiv-ekonomichnoyi-diyalnosti-kved-0,True
kved_2010_46_61,kved_2010,46.61,Оптова торгівля сільськогосподарськими машинами й устаткованням,G,Оптова та роздрібна торгівля; ремонт автотранспортних засобів і мотоциклів,46,46.6,True,2012-01-01,https://stat.gov.ua/uk/page-contents/klasyfikatsiya-vydiv-ekonomichnoyi-diyalnosti-kved-0,True
kved_2010_46_62,kved_2010,46.62,Оптова торгівля верстатами,G,Оптова та роздрібна торгівля; ремонт автотранспортних засобів і мотоциклів,46,46.6,True,2012-01-01,https://stat.gov.ua/uk/page-contents/klasyfikatsiya-vydiv-ekonomichnoyi-diyalnosti-kved-0,True
kved_2010_46_63,kved_2010,46.63,Оптова торгівля машинами й устаткованням для добувної промисловості та будівництва,G,Оптова та роздрібна торгівля; ремонт автотранспортних засобів і мотоциклів,46,46.6,True,2012-01-01,https://stat.gov.ua/uk/page-contents/klasyfikatsiya-vydiv-ekonomichnoyi-diyalnosti-kved-0,True
kved_2010_46_64,kved_2010,46.64,"Оптова торгівля машинами й устаткованням для текстильного, швейного та трикотажного виробництва",G,Оптова та роздрібна торгівля; ремонт автотранспортних засобів і мотоциклів,46,46.6,True,2012-01-01,https://stat.gov.ua/uk/page-contents/klasyfikatsiya-vydiv-ekonomichnoyi-diyalnosti-kved-0,True
kved_2010_46_65,kved_2010,46.65,Оптова торгівля офісними меблями,G,Оптова та роздрібна торгівля; ремонт автотранспортних засобів і мотоциклів,46,46.6,True,2012-01-01,https://stat.gov.ua/uk/page-contents/klasyfikatsiya-vydiv-ekonomichnoyi-diyalnosti-kved-0,True
kved_2010_46_66,kved_2010,46.66,Оптова торгівля іншими офісними машинами й устаткованням,G,Оптова та роздрібна торгівля; ремонт автотранспортних засобів і мотоциклів,46,46.6,True,2012-01-01,https://stat.gov.ua/uk/page-contents/klasyfikatsiya-vydiv-ekonomichnoyi-diyalnosti-kved-0,True
kved_2010_46_69,kved_2010,46.69,Оптова торгівля іншими машинами й устаткованням,G,Оптова та роздрібна торгівля; ремонт автотранспортних засобів і мотоциклів,46,46.6,True,2012-01-01,https://stat.gov.ua/uk/page-contents/klasyfikatsiya-vydiv-ekonomichnoyi-diyalnosti-kved-0,True
kved_2010_46_71,kved_2010,46.71,"Оптова торгівля твердим, рідким, газоподібним паливом і подібними продуктами",G,Оптова та роздрібна торгівля; ремонт автотранспортних засобів і мотоциклів,46,46.7,True,2012-01-01,https://stat.gov.ua/uk/page-contents/klasyfikatsiya-vydiv-ekonomichnoyi-diyalnosti-kved-0,True
kved_2010_46_72,kved_2010,46.72,Оптова торгівля металами та металевими рудами,G,Оптова та роздрібна торгівля; ремонт автотранспортних засобів і мотоциклів,46,46.7,True,2012-01-01,https://stat.gov.ua/uk/page-contents/klasyfikatsiya-vydiv-ekonomichnoyi-diyalnosti-kved-0,True
kved_2010_46_73,kved_2010,46.73,"Оптова торгівля деревиною, будівельними матеріалами та санітарно-технічним обладнанням",G,Оптова та роздрібна торгівля; ремонт автотранспортних засобів і мотоциклів,46,46.7,True,2012-01-01,https://stat.gov.ua/uk/page-contents/klasyfikatsiya-vydiv-ekonomichnoyi-diyalnosti-kved-0,True
kved_2010_46_74,kved_2010,46.74,"Оптова торгівля залізними виробами, водопровідним і опалювальним устаткованням і приладдям до нього",G,Оптова та роздрібна торгівля; ремонт автотранспортних засобів і мотоциклів,46,46.7,True,2012-01-01,https://stat.gov.ua/uk/page-contents/klasyfikatsiya-vydiv-ekonomichnoyi-diyalnosti-kved-0,True
kved_2010_46_75,kved_2010,46.75,Оптова торгівля хімічними продуктами,G,Оптова та роздрібна торгівля; ремонт автотранспортних засобів і мотоциклів,46,46.7,True,2012-01-01,https://stat.gov.ua/uk/page-contents/klasyfikatsiya-vydiv-ekonomichnoyi-diyalnosti-kved-0,True
kved_2010_46_76,kved_2010,46.76,Оптова торгівля іншими проміжними продуктами,G,Оптова та роздрібна торгівля; ремонт автотранспортних засобів і мотоциклів,46,46.7,True,2012-01-01,https://stat.gov.ua/uk/page-contents/klasyfikatsiya-vydiv-ekonomichnoyi-diyalnosti-kved-0,True
kved_2010_46_77,kved_2010,46.77,Оптова торгівля відходами та брухтом,G,Оптова та роздрібна торгівля; ремонт автотранспортних засобів і мотоциклів,46,46.7,True,2012-01-01,https://stat.gov.ua/uk/page-contents/klasyfikatsiya-vydiv-ekonomichnoyi-diyalnosti-kved-0,True
kved_2010_46_90,kved_2010,46.90,Неспеціалізована оптова торгівля,G,Оптова та роздрібна торгівля; ремонт автотранспортних засобів і мотоциклів,46,46.9,True,2012-01-01,https://stat.gov.ua/uk/page-contents/klasyfikatsiya-vydiv-ekonomichnoyi-diyalnosti-kved-0,True
kved_2010_47_11,kved_2010,47.11,"Роздрібна торгівля в неспеціалізованих магазинах переважно продуктами харчування, напоями та тютюновими виробами",G,Оптова та роздрібна торгівля; ремонт автотранспортних засобів і мотоциклів,47,47.1,True,2012-01-01,https://stat.gov.ua/uk/page-contents/klasyfikatsiya-vydiv-ekonomichnoyi-diyalnosti-kved-0,True
kved_2010_47_19,kved_2010,47.19,Інші види роздрібної торгівлі в неспеціалізованих магазинах,G,Оптова та роздрібна торгівля; ремонт автотранспортних засобів і мотоциклів,47,47.1,True,2012-01-01,https://stat.gov.ua/uk/page-contents/klasyfikatsiya-vydiv-ekonomichnoyi-diyalnosti-kved-0,True
kved_2010_47_21,kved_2010,47.21,Роздрібна торгівля фруктами й овочами в спеціалізованих магазинах,G,Оптова та роздрібна торгівля; ремонт автотранспортних засобів і мотоциклів,47,47.2,True,2012-01-01,https://stat.gov.ua/uk/page-contents/klasyfikatsiya-vydiv-ekonomichnoyi-diyalnosti-kved-0,True
kved_2010_47_22,kved_2010,47.22,Роздрібна торгівля м'ясом і м'ясними продуктами в спеціалізованих магазинах,G,Оптова та роздрібна торгівля; ремонт автотранспортних засобів і мотоциклів,47,47.2,True,2012-01-01,https://stat.gov.ua/uk/page-contents/klasyfikatsiya-vydiv-ekonomichnoyi-diyalnosti-kved-0,True
kved_2010_47_23,kved_2010,47.23,"Роздрібна торгівля рибою, ракоподібними та молюсками в спеціалізованих магазинах",G,Оптова та роздрібна торгівля; ремонт автотранспортних засобів і мотоциклів,47,47.2,True,2012-01-01,https://stat.gov.ua/uk/page-contents/klasyfikatsiya-vydiv-ekonomichnoyi-diyalnosti-kved-0,True
kved_2010_47_24,kved_2010,47.24,"Роздрібна торгівля хлібобулочними виробами, борошняними та цукровими кондитерськими виробами в спеціалізованих магазинах",G,Оптова та роздрібна торгівля; ремонт автотранспортних засобів і мотоциклів,47,47.2,True,2012-01-01,https://stat.gov.ua/uk/page-contents/klasyfikatsiya-vydiv-ekonomichnoyi-diyalnosti-kved-0,True
kved_2010_47_25,kved_2010,47.25,Роздрібна торгівля напоями в спеціалізованих магазинах,G,Оптова та роздрібна торгівля; ремонт автотранспортних засобів і мотоциклів,47,47.2,True,2012-01-01,https://stat.gov.ua/uk/page-contents/klasyfikatsiya-vydiv-ekonomichnoyi-diyalnosti-kved-0,True
kved_2010_47_26,kved_2010,47.26,Роздрібна торгівля тютюновими виробами в спеціалізованих магазинах,G,Оптова та роздрібна торгівля; ремонт автотранспортних засобів і мотоциклів,47,47.2,True,2012-01-01,https://stat.gov.ua/uk/page-contents/klasyfikatsiya-vydiv-ekonomichnoyi-diyalnosti-kved-0,True
kved_2010_47_29,kved_2010,47.29,Роздрібна торгівля іншими продуктами харчування в спеціалізованих магазинах,G,Оптова та роздрібна торгівля; ремонт автотранспортних засобів і мотоциклів,47,47.2,True,2012-01-01,https://stat.gov.ua/uk/page-contents/klasyfikatsiya-vydiv-ekonomichnoyi-diyalnosti-kved-0,True
kved_2010_47_30,kved_2010,47.30,Роздрібна торгівля пальним,G,Оптова та роздрібна торгівля; ремонт автотранспортних засобів і мотоциклів,47,47.3,True,2012-01-01,https://stat.gov.ua/uk/page-contents/klasyfikatsiya-vydiv-ekonomichnoyi-diyalnosti-kved-0,True
kved_2010_47_41,kved_2010,47.41,"Роздрібна торгівля комп'ютерами, периферійним устаткованням і програмним забезпеченням у спеціалізованих магазинах",G,Оптова та роздрібна торгівля; ремонт автотранспортних засобів і мотоциклів,47,47.4,True,2012-01-01,https://stat.gov.ua/uk/page-contents/klasyfikatsiya-vydiv-ekonomichnoyi-diyalnosti-kved-0,True
kved_2010_47_42,kved_2010,47.42,Роздрібна торгівля телекомунікаційним устаткованням у спеціалізованих магазинах,G,Оптова та роздрібна торгівля; ремонт автотранспортних засобів і мотоциклів,47,47.4,True,2012-01-01,https://stat.gov.ua/uk/page-contents/klasyfikatsiya-vydiv-ekonomichnoyi-diyalnosti-kved-0,True
kved_2010_47_43,kved_2010,47.43,"Роздрібна торгівля в спеціалізованих магазинах електронною апаратурою побутового призначення для приймання, записування, відтворювання звуку й зображення",G,Оптова та роздрібна торгівля; ремонт автотранспортних засобів і мотоциклів,47,47.4,True,2012-01-01,https://stat.gov.ua/uk/page-contents/klasyfikatsiya-vydiv-ekonomichnoyi-diyalnosti-kved-0,True
kved_2010_47_51,kved_2010,47.51,Роздрібна торгівля текстильними товарами в спеціалізованих магазинах,G,Оптова та роздрібна торгівля; ремонт автотранспортних засобів і мотоциклів,47,47.5,True,2012-01-01,https://stat.gov.ua/uk/page-contents/klasyfikatsiya-vydiv-ekonomichnoyi-diyalnosti-kved-0,True
kved_2010_47_52,kved_2010,47.52,"Роздрібна торгівля залізними виробами, будівельними матеріалами та санітарно-технічними виробами в спеціалізованих магазинах",G,Оптова та роздрібна торгівля; ремонт автотранспортних засобів і мотоциклів,47,47.5,True,2012-01-01,https://stat.gov.ua/uk/page-contents/klasyfikatsiya-vydiv-ekonomichnoyi-diyalnosti-kved-0,True
kved_2010_47_53,kved_2010,47.53,"Роздрібна торгівля килимами, килимовими виробами, покриттям для стін і підлоги в спеціалізованих магазинах",G,Оптова та роздрібна торгівля; ремонт автотранспортних засобів і мотоциклів,47,47.5,True,2012-01-01,https://stat.gov.ua/uk/page-contents/klasyfikatsiya-vydiv-ekonomichnoyi-diyalnosti-kved-0,True
kved_2010_47_54,kved_2010,47.54,Роздрібна торгівля побутовими електротоварами в спеціалізованих магазинах,G,Оптова та роздрібна торгівля; ремонт автотранспортних засобів і мотоциклів,47,47.5,True,2012-01-01,https://stat.gov.ua/uk/page-contents/klasyfikatsiya-vydiv-ekonomichnoyi-diyalnosti-kved-0,True
kved_2010_47_59,kved_2010,47.59,"Роздрібна торгівля меблями, освітлювальним приладдям та іншими товарами для дому в спеціалізованих магазинах",G,Оптова та роздрібна торгівля; ремонт автотранспортних засобів і мотоциклів,47,47.5,True,2012-01-01,https://stat.gov.ua/uk/page-contents/klasyfikatsiya-vydiv-ekonomichnoyi-diyalnosti-kved-0,True
kved_2010_47_61,kved_2010,47.61,Роздрібна торгівля книгами в спеціалізованих магазинах,G,Оптова та роздрібна торгівля; ремонт автотранспортних засобів і мотоциклів,47,47.6,True,2012-01-01,https://stat.gov.ua/uk/page-contents/klasyfikatsiya-vydiv-ekonomichnoyi-diyalnosti-kved-0,True
kved_2010_47_62,kved_2010,47.62,Роздрібна торгівля газетами та канцелярськими товарами в спеціалізованих магазинах,G,Оптова та роздрібна торгівля; ремонт автотранспортних засобів і мотоциклів,47,47.6,True,2012-01-01,https://stat.gov.ua/uk/page-contents/klasyfikatsiya-vydiv-ekonomichnoyi-diyalnosti-kved-0,True
kved_2010_47_63,kved_2010,47.63,Роздрібна торгівля аудіо- та відеозаписами в спеціалізованих магазинах,G,Оптова та роздрібна торгівля; ремонт автотранспортних засобів і мотоциклів,47,47.6,True,2012-01-01,https://stat.gov.ua/uk/page-contents/klasyfikatsiya-vydiv-ekonomichnoyi-diyalnosti-kved-0,True
kved_2010_47_64,kved_2010,47.64,Роздрібна торгівля спортивним інвентарем у спеціалізованих магазинах,G,Оптова та роздрібна торгівля; ремонт автотранспортних засобів і мотоциклів,47,47.6,True,2012-01-01,https://stat.gov.ua/uk/page-contents/klasyfikatsiya-vydiv-ekonomichnoyi-diyalnosti-kved-0,True
kved_2010_47_65,kved_2010,47.65,Роздрібна торгівля іграми та іграшками в спеціалізованих магазинах,G,Оптова та роздрібна торгівля; ремонт автотранспортних засобів і мотоциклів,47,47.6,True,2012-01-01,https://stat.gov.ua/uk/page-contents/klasyfikatsiya-vydiv-ekonomichnoyi-diyalnosti-kved-0,True
kved_2010_47_71,kved_2010,47.71,Роздрібна торгівля одягом у спеціалізованих магазинах,G,Оптова та роздрібна торгівля; ремонт автотранспортних засобів і мотоциклів,47,47.7,True,2012-01-01,https://stat.gov.ua/uk/page-contents/klasyfikatsiya-vydiv-ekonomichnoyi-diyalnosti-kved-0,True
kved_2010_47_72,kved_2010,47.72,Роздрібна торгівля взуттям і шкіряними виробами в спеціалізованих магазинах,G,Оптова та роздрібна торгівля; ремонт автотранспортних засобів і мотоциклів,47,47.7,True,2012-01-01,https://stat.gov.ua/uk/page-contents/klasyfikatsiya-vydiv-ekonomichnoyi-diyalnosti-kved-0,True
kved_2010_47_73,kved_2010,47.73,Роздрібна торгівля фармацевтичними товарами в спеціалізованих магазинах,G,Оптова та роздрібна торгівля; ремонт автотранспортних засобів і мотоциклів,47,47.7,True,2012-01-01,https://stat.gov.ua/uk/page-contents/klasyfikatsiya-vydiv-ekonomichnoyi-diyalnosti-kved-0,True
kved_2010_47_74,kved_2010,47.74,Роздрібна торгівля медичними й ортопедичними товарами в спеціалізованих магазинах,G,Оптова та роздрібна торгівля; ремонт автотранспортних засобів і мотоциклів,47,47.7,True,2012-01-01,https://stat.gov.ua/uk/page-contents/klasyfikatsiya-vydiv-ekonomichnoyi-diyalnosti-kved-0,True
kved_2010_47_75,kved_2010,47.75,Роздрібна торгівля косметичними товарами та туалетними приналежностями в спеціалізованих магазинах,G,Оптова та роздрібна торгівля; ремонт автотранспортних засобів і мотоциклів,47,47.7,True,2012-01-01,https://stat.gov.ua/uk/page-contents/klasyfikatsiya-vydiv-ekonomichnoyi-diyalnosti-kved-0,True
kved_2010_47_76,kved_2010,47.76,"Роздрібна торгівля квітами, рослинами, насінням, добривами, домашніми тваринами та кормами для них у спеціалізованих магазинах",G,Оптова та роздрібна торгівля; ремонт автотранспортних засобів і мотоциклів,47,47.7,True,2012-01-01,https://stat.gov.ua/uk/page-contents/klasyfikatsiya-vydiv-ekonomichnoyi-diyalnosti-kved-0,True
kved_2010_47_77,kved_2010,47.77,Роздрібна торгівля годинниками та ювелірними виробами в спеціалізованих магазинах,G,Оптова та роздрібна торгівля; ремонт автотранспортних засобів і мотоциклів,47,47.7,True,2012-01-01,https://stat.gov.ua/uk/page-contents/klasyfikatsiya-vydiv-ekonomichnoyi-diyalnosti-kved-0,True
kved_2010_47_78,kved_2010,47.78,Роздрібна торгівля іншими невживаними товарами в спеціалізованих магазинах,G,Оптова та роздрібна торгівля; ремонт автотранспортних засобів і мотоциклів,47,47.7,True,2012-01-01,https://stat.gov.ua/uk/page-contents/klasyfikatsiya-vydiv-ekonomichnoyi-diyalnosti-kved-0,True
kved_2010_47_79,kved_2010,47.79,Роздрібна торгівля уживаними товарами в магазинах,G,Оптова та роздрібна торгівля; ремонт автотранспортних засобів і мотоциклів,47,47.7,True,2012-01-01,https://stat.gov.ua/uk/page-contents/klasyfikatsiya-vydiv-ekonomichnoyi-diyalnosti-kved-0,True
kved_2010_47_81,kved_2010,47.81,"Роздрібна торгівля з лотків і на ринках харчовими продуктами, напоями та тютюновими виробами",G,Оптова та роздрібна торгівля; ремонт автотранспортних засобів і мотоциклів,47,47.8,True,2012-01-01,https://stat.gov.ua/uk/page-contents/klasyfikatsiya-vydiv-ekonomichnoyi-diyalnosti-kved-0,True
kved_2010_47_82,kved_2010,47.82,"Роздрібна торгівля з лотків і на ринках текстильними виробами, одягом і взуттям",G,Оптова та роздрібна торгівля; ремонт автотранспортних засобів і мотоциклів,47,47.8,True,2012-01-01,https://stat.gov.ua/uk/page-contents/klasyfikatsiya-vydiv-ekonomichnoyi-diyalnosti-kved-0,True
kved_2010_47_89,kved_2010,47.89,Роздрібна торгівля з лотків і на ринках іншими товарами,G,Оптова та роздрібна торгівля; ремонт автотранспортних засобів і мотоциклів,47,47.8,True,2012-01-01,https://stat.gov.ua/uk/page-contents/klasyfikatsiya-vydiv-ekonomichnoyi-diyalnosti-kved-0,True
kved_2010_47_91,kved_2010,47.91,"Роздрібна торгівля, що здійснюється фірмами поштового замовлення або через мережу Інтернет",G,Оптова та роздрібна торгівля; ремонт автотранспортних засобів і мотоциклів,47,47.9,True,2012-01-01,https://stat.gov.ua/uk/page-contents/klasyfikatsiya-vydiv-ekonomichnoyi-diyalnosti-kved-0,True
kved_2010_47_99,kved_2010,47.99,Інші види роздрібної торгівлі поза магазинами,G,Оптова та роздрібна торгівля; ремонт автотранспортних засобів і мотоциклів,47,47.9,True,2012-01-01,https://stat.gov.ua/uk/page-contents/klasyfikatsiya-vydiv-ekonomichnoyi-diyalnosti-kved-0,True
kved_2010_49_10,kved_2010,49.10,Пасажирський залізничний транспорт міжміського сполучення,H,"Транспорт, складське господарство, поштова та кур’єрська діяльність",49,49.1,True,2012-01-01,https://stat.gov.ua/uk/page-contents/klasyfikatsiya-vydiv-ekonomichnoyi-diyalnosti-kved-0,True
kved_2010_49_20,kved_2010,49.20,Вантажний залізничний транспорт,H,"Транспорт, складське господарство, поштова та кур’єрська діяльність",49,49.2,True,2012-01-01,https://stat.gov.ua/uk/page-contents/klasyfikatsiya-vydiv-ekonomichnoyi-diyalnosti-kved-0,True
kved_2010_49_31,kved_2010,49.31,Пасажирський наземний транспорт міського та приміського сполучення,H,"Транспорт, складське господарство, поштова та кур’єрська діяльність",49,49.3,True,2012-01-01,https://stat.gov.ua/uk/page-contents/klasyfikatsiya-vydiv-ekonomichnoyi-diyalnosti-kved-0,True
kved_2010_49_32,kved_2010,49.32,Надання послуг таксі,H,"Транспорт, складське господарство, поштова та кур’єрська діяльність",49,49.3,True,2012-01-01,https://stat.gov.ua/uk/page-contents/klasyfikatsiya-vydiv-ekonomichnoyi-diyalnosti-kved-0,True
kved_2010_49_39,kved_2010,49.39,"Інший пасажирський наземний транспорт, н.в.і.у.",H,"Транспорт, складське господарство, поштова та кур’єрська діяльність",49,49.3,True,2012-01-01,https://stat.gov.ua/uk/page-contents/klasyfikatsiya-vydiv-ekonomichnoyi-diyalnosti-kved-0,True
kved_2010_49_41,kved_2010,49.41,Вантажний автомобільний транспорт,H,"Транспорт, складське господарство, поштова та кур’єрська діяльність",49,49.4,True,2012-01-01,https://stat.gov.ua/uk/page-contents/klasyfikatsiya-vydiv-ekonomichnoyi-diyalnosti-kved-0,True
kved_2010_49_42,kved_2010,49.42,Надання послуг перевезення речей (переїзду),H,"Транспорт, складське господарство, поштова та кур’єрська діяльність",49,49.4,True,2012-01-01,https://stat.gov.ua/uk/page-contents/klasyfikatsiya-vydiv-ekonomichnoyi-diyalnosti-kved-0,True
kved_2010_49_50,kved_2010,49.50,Трубопровідний транспорт,H,"Транспорт, складське господарство, поштова та кур’єрська діяльність",49,49.5,True,2012-01-01,https://stat.gov.ua/uk/page-contents/klasyfikatsiya-vydiv-ekonomichnoyi-diyalnosti-kved-0,True
kved_2010_50_10,kved_2010,50.10,Пасажирський морський транспорт,H,"Транспорт, складське господарство, поштова та кур’єрська діяльність",50,50.1,True,2012-01-01,https://stat.gov.ua/uk/page-contents/klasyfikatsiya-vydiv-ekonomichnoyi-diyalnosti-kved-0,True
kved_2010_50_20,kved_2010,50.20,Вантажний морський транспорт,H,"Транспорт, складське господарство, поштова та кур’єрська діяльність",50,50.2,True,2012-01-01,https://stat.gov.ua/uk/page-contents/klasyfikatsiya-vydiv-ekonomichnoyi-diyalnosti-kved-0,True
kved_2010_50_30,kved_2010,50.30,Пасажирський річковий транспорт,H,"Транспорт, складське господарство, поштова та кур’єрська діяльність",50,50.3,True,2012-01-01,https://stat.gov.ua/uk/page-contents/klasyfikatsiya-vydiv-ekonomichnoyi-diyalnosti-kved-0,True
kved_2010_50_40,kved_2010,50.40,Вантажний річковий транспорт,H,"Транспорт, складське господарство, поштова та кур’єрська діяльність",50,50.4,True,2012-01-01,https://stat.gov.ua/uk/page-contents/klasyfikatsiya-vydiv-ekonomichnoyi-diyalnosti-kved-0,True
kved_2010_51_10,kved_2010,51.10,Пасажирський авіаційний транспорт,H,"Транспорт, складське господарство, поштова та кур’єрська діяльність",51,51.1,True,2012-01-01,https://stat.gov.ua/uk/page-contents/klasyfikatsiya-vydiv-ekonomichnoyi-diyalnosti-kved-0,True
kved_2010_51_21,kved_2010,51.21,Вантажний авіаційний транспорт,H,"Транспорт, складське господарство, поштова та кур’єрська діяльність",51,51.2,True,2012-01-01,https://stat.gov.ua/uk/page-contents/klasyfikatsiya-vydiv-ekonomichnoyi-diyalnosti-kved-0,True
kved_2010_51_22,kved_2010,51.22,Космічний транспорт,H,"Транспорт, складське господарство, поштова та кур’єрська діяльність",51,51.2,True,2012-01-01,https://stat.gov.ua/uk/page-contents/klasyfikatsiya-vydiv-ekonomichnoyi-diyalnosti-kved-0,True
kved_2010_52_10,kved_2010,52.10,Складське господарство,H,"Транспорт, складське господарство, поштова та кур’єрська діяльність",52,52.1,True,2012-01-01,https://stat.gov.ua/uk/page-contents/klasyfikatsiya-vydiv-ekonomichnoyi-diyalnosti-kved-0,True
kved_2010_52_21,kved_2010,52.21,Допоміжне обслуговування наземного транспорту,H,"Транспорт, складське господарство, поштова та кур’єрська діяльність",52,52.2,True,2012-01-01,https://stat.gov.ua/uk/page-contents/klasyfikatsiya-vydiv-ekonomichnoyi-diyalnosti-kved-0,True
kved_2010_52_22,kved_2010,52.22,Допоміжне обслуговування водного транспорту,H,"Транспорт, складське господарство, поштова та кур’єрська діяльність",52,52.2,True,2012-01-01,https://stat.gov.ua/uk/page-contents/klasyfikatsiya-vydiv-ekonomichnoyi-diyalnosti-kved-0,True
kved_2010_52_23,kved_2010,52.23,Допоміжне обслуговування авіаційного транспорту,H,"Транспорт, складське господарство, поштова та кур’єрська діяльність",52,52.2,True,2012-01-01,https://stat.gov.ua/uk/page-contents/klasyfikatsiya-vydiv-ekonomichnoyi-diyalnosti-kved-0,True
kved_2010_52_24,kved_2010,52.24,Транспортне оброблення вантажів,H,"Транспорт, складське господарство, поштова та кур’єрська діяльність",52,52.2,True,2012-01-01,https://stat.gov.ua/uk/page-contents/klasyfikatsiya-vydiv-ekonomichnoyi-diyalnosti-kved-0,True
kved_2010_52_29,kved_2010,52.29,Інша допоміжна діяльність у сфері транспорту,H,"Транспорт, складське господарство, поштова та кур’єрська діяльність",52,52.2,True,2012-01-01,https://stat.gov.ua/uk/page-contents/klasyfikatsiya-vydiv-ekonomichnoyi-diyalnosti-kved-0,True
kved_2010_53_10,kved_2010,53.10,Діяльність національної пошти,H,"Транспорт, складське господарство, поштова та кур’єрська діяльність",53,53.1,True,2012-01-01,https://stat.gov.ua/uk/page-contents/klasyfikatsiya-vydiv-ekonomichnoyi-diyalnosti-kved-0,True
kved_2010_53_20,kved_2010,53.20,Інша поштова та кур'єрська діяльність,H,"Транспорт, складське господарство, поштова та кур’єрська діяльність",53,53.2,True,2012-01-01,https://stat.gov.ua/uk/page-contents/klasyfikatsiya-vydiv-ekonomichnoyi-diyalnosti-kved-0,True
kved_2010_55_10,kved_2010,55.10,Діяльність готелів і подібних засобів тимчасового розміщування,I,Тимчасове розміщування й організація харчування,55,55.1,True,2012-01-01,https://stat.gov.ua/uk/page-contents/klasyfikatsiya-vydiv-ekonomichnoyi-diyalnosti-kved-0,True
kved_2010_55_20,kved_2010,55.20,Діяльність засобів розміщування на період відпустки та іншого тимчасового проживання,I,Тимчасове розміщування й організація харчування,55,55.2,True,2012-01-01,https://stat.gov.ua/uk/page-contents/klasyfikatsiya-vydiv-ekonomichnoyi-diyalnosti-kved-0,True
kved_2010_55_30,kved_2010,55.30,Надання місць кемпінгами та стоянками для житлових автофургонів і причепів,I,Тимчасове розміщування й організація харчування,55,55.3,True,2012-01-01,https://stat.gov.ua/uk/page-contents/klasyfikatsiya-vydiv-ekonomichnoyi-diyalnosti-kved-0,True
kved_2010_55_90,kved_2010,55.90,Діяльність інших засобів тимчасового розміщування,I,Тимчасове розміщування й організація харчування,55,55.9,True,2012-01-01,https://stat.gov.ua/uk/page-contents/klasyfikatsiya-vydiv-ekonomichnoyi-diyalnosti-kved-0,True
kved_2010_56_10,kved_2010,56.10,"Діяльність ресторанів, надання послуг мобільного харчування",I,Тимчасове розміщування й організація харчування,56,56.1,True,2012-01-01,https://stat.gov.ua/uk/page-contents/klasyfikatsiya-vydiv-ekonomichnoyi-diyalnosti-kved-0,True
kved_2010_56_21,kved_2010,56.21,Постачання готових страв для подій,I,Тимчасове розміщування й організація харчування,56,56.2,True,2012-01-01,https://stat.gov.ua/uk/page-contents/klasyfikatsiya-vydiv-ekonomichnoyi-diyalnosti-kved-0,True
kved_2010_56_29,kved_2010,56.29,Постачання інших готових страв,I,Тимчасове розміщування й організація харчування,56,56.2,True,2012-01-01,https://stat.gov.ua/uk/page-contents/klasyfikatsiya-vydiv-ekonomichnoyi-diyalnosti-kved-0,True
kved_2010_56_30,kved_2010,56.30,Обслуговування напоями,I,Тимчасове розміщування й організація харчування,56,56.3,True,2012-01-01,https://stat.gov.ua/uk/page-contents/klasyfikatsiya-vydiv-ekonomichnoyi-diyalnosti-kved-0,True
kved_2010_58_11,kved_2010,58.11,Видання книг,J,Інформація та телекомунікації,58,58.1,True,2012-01-01,https://stat.gov.ua/uk/page-contents/klasyfikatsiya-vydiv-ekonomichnoyi-diyalnosti-kved-0,True
kved_2010_58_12,kved_2010,58.12,Видання довідників і каталогів,J,Інформація та телекомунікації,58,58.1,True,2012-01-01,https://stat.gov.ua/uk/page-contents/klasyfikatsiya-vydiv-ekonomichnoyi-diyalnosti-kved-0,True
kved_2010_58_13,kved_2010,58.13,Видання газет,J,Інформація та телекомунікації,58,58.1,True,2012-01-01,https://stat.gov.ua/uk/page-contents/klasyfikatsiya-vydiv-ekonomichnoyi-diyalnosti-kved-0,True
kved_2010_58_14,kved_2010,58.14,Видання журналів і періодичних видань,J,Інформація та телекомунікації,58,58.1,True,2012-01-01,https://stat.gov.ua/uk/page-contents/klasyfikatsiya-vydiv-ekonomichnoyi-diyalnosti-kved-0,True
kved_2010_58_19,kved_2010,58.19,Інші види видавничої діяльності,J,Інформація та телекомунікації,58,58.1,True,2012-01-01,https://stat.gov.ua/uk/page-contents/klasyfikatsiya-vydiv-ekonomichnoyi-diyalnosti-kved-0,True
kved_2010_58_21,kved_2010,58.21,Видання комп'ютерних ігор,J,Інформація та телекомунікації,58,58.2,True,2012-01-01,https://stat.gov.ua/uk/page-contents/klasyfikatsiya-vydiv-ekonomichnoyi-diyalnosti-kved-0,True
kved_2010_58_29,kved_2010,58.29,Видання іншого програмного забезпечення,J,Інформація та телекомунікації,58,58.2,True,2012-01-01,https://stat.gov.ua/uk/page-contents/klasyfikatsiya-vydiv-ekonomichnoyi-diyalnosti-kved-0,True
kved_2010_59_11,kved_2010,59.11,"Виробництво кіно- та відеофільмів, телевізійних програм",J,Інформація та телекомунікації,59,59.1,True,2012-01-01,https://stat.gov.ua/uk/page-contents/klasyfikatsiya-vydiv-ekonomichnoyi-diyalnosti-kved-0,True
kved_2010_59_12,kved_2010,59.12,"Компонування кіно- та відеофільмів, телевізійних програм",J,Інформація та телекомунікації,59,59.1,True,2012-01-01,https://stat.gov.ua/uk/page-contents/klasyfikatsiya-vydiv-ekonomichnoyi-diyalnosti-kved-0,True
kved_2010_59_13,kved_2010,59.13,"Розповсюдження кіно- та відеофільмів, телевізійних програм",J,Інформація та телекомунікації,59,59.1,True,2012-01-01,https://stat.gov.ua/uk/page-contents/klasyfikatsiya-vydiv-ekonomichnoyi-diyalnosti-kved-0,True
kved_2010_59_14,kved_2010,59.14,Демонстрація кінофільмів,J,Інформація та телекомунікації,59,59.1,True,2012-01-01,https://stat.gov.ua/uk/page-contents/klasyfikatsiya-vydiv-ekonomichnoyi-diyalnosti-kved-0,True
kved_2010_59_20,kved_2010,59.20,Видання звукозаписів,J,Інформація та телекомунікації,59,59.2,True,2012-01-01,https://stat.gov.ua/uk/page-contents/klasyfikatsiya-vydiv-ekonomichnoyi-diyalnosti-kved-0,True
kved_2010_60_10,kved_2010,60.10,Діяльність у сфері радіомовлення,J,Інформація та телекомунікації,60,60.1,True,2012-01-01,https://stat.gov.ua/uk/page-contents/klasyfikatsiya-vydiv-ekonomichnoyi-diyalnosti-kved-0,True
kved_2010_60_20,kved_2010,60.20,Діяльність у сфері телевізійного мовлення,J,Інформація та телекомунікації,60,60.2,True,2012-01-01,https://stat.gov.ua/uk/page-contents/klasyfikatsiya-vydiv-ekonomichnoyi-diyalnosti-kved-0,True
kved_2010_61_10,kved_2010,61.10,Діяльність у сфері проводового електрозв'язку,J,Інформація та телекомунікації,61,61.1,True,2012-01-01,https://stat.gov.ua/uk/page-contents/klasyfikatsiya-vydiv-ekonomichnoyi-diyalnosti-kved-0,True
kved_2010_61_20,kved_2010,61.20,Діяльність у сфері безпроводового електрозв'язку,J,Інформація та телекомунікації,61,61.2,True,2012-01-01,https://stat.gov.ua/uk/page-contents/klasyfikatsiya-vydiv-ekonomichnoyi-diyalnosti-kved-0,True
kved_2010_61_30,kved_2010,61.30,Діяльність у сфері супутникового електрозв'язку,J,Інформація та телекомунікації,61,61.3,True,2012-01-01,https://stat.gov.ua/uk/page-contents/klasyfikatsiya-vydiv-ekonomichnoyi-diyalnosti-kved-0,True
kved_2010_61_90,kved_2010,61.90,Інша діяльність у сфері електрозв'язку,J,Інформація та телекомунікації,61,61.9,True,2012-01-01,https://stat.gov.ua/uk/page-contents/klasyfikatsiya-vydiv-ekonomichnoyi-diyalnosti-kved-0,True
kved_2010_62_01,kved_2010,62.01,Комп'ютерне програмування,J,Інформація та телекомунікації,62,62.0,True,2012-01-01,https://stat.gov.ua/uk/page-contents/klasyfikatsiya-vydiv-ekonomichnoyi-diyalnosti-kved-0,True
kved_2010_62_02,kved_2010,62.02,Консультування з питань інформатизації,J,Інформація та телекомунікації,62,62.0,True,2012-01-01,https://stat.gov.ua/uk/page-contents/klasyfikatsiya-vydiv-ekonomichnoyi-diyalnosti-kved-0,True
kved_2010_62_03,kved_2010,62.03,Діяльність із керування комп'ютерним устаткованням,J,Інформація та телекомунікації,62,62.0,True,2012-01-01,https://stat.gov.ua/uk/page-contents/klasyfikatsiya-vydiv-ekonomichnoyi-diyalnosti-kved-0,True
kved_2010_62_09,kved_2010,62.09,Інша діяльність у сфері інформаційних технологій і комп'ютерних систем,J,Інформація та телекомунікації,62,62.0,True,2012-01-01,https://stat.gov.ua/uk/page-contents/klasyfikatsiya-vydiv-ekonomichnoyi-diyalnosti-kved-0,True
kved_2010_63_11,kved_2010,63.11,"Оброблення даних, розміщення інформації на веб-вузлах і пов'язана з ними діяльність",J,Інформація та телекомунікації,63,63.1,True,2012-01-01,https://stat.gov.ua/uk/page-contents/klasyfikatsiya-vydiv-ekonomichnoyi-diyalnosti-kved-0,True
kved_2010_63_12,kved_2010,63.12,Веб-портали,J,Інформація та телекомунікації,63,63.1,True,2012-01-01,https://stat.gov.ua/uk/page-contents/klasyfikatsiya-vydiv-ekonomichnoyi-diyalnosti-kved-0,True
kved_2010_63_91,kved_2010,63.91,Діяльність інформаційних агентств,J,Інформація та телекомунікації,63,63.9,True,2012-01-01,https://stat.gov.ua/uk/page-contents/klasyfikatsiya-vydiv-ekonomichnoyi-diyalnosti-kved-0,True
kved_2010_63_99,kved_2010,63.99,"Надання інших інформаційних послуг, н.в.і.у.",J,Інформація та телекомунікації,63,63.9,True,2012-01-01,https://stat.gov.ua/uk/page-contents/klasyfikatsiya-vydiv-ekonomichnoyi-diyalnosti-kved-0,True
kved_2010_64_11,kved_2010,64.11,Діяльність центрального банку,K,Фінансова та страхова діяльність,64,64.1,True,2012-01-01,https://stat.gov.ua/uk/page-contents/klasyfikatsiya-vydiv-ekonomichnoyi-diyalnosti-kved-0,True
kved_2010_64_19,kved_2010,64.19,Інші види грошового посередництва,K,Фінансова та страхова діяльність,64,64.1,True,2012-01-01,https://stat.gov.ua/uk/page-contents/klasyfikatsiya-vydiv-ekonomichnoyi-diyalnosti-kved-0,True
kved_2010_64_20,kved_2010,64.20,Діяльність холдингових компаній,K,Фінансова та страхова діяльність,64,64.2,True,2012-01-01,https://stat.gov.ua/uk/page-contents/klasyfikatsiya-vydiv-ekonomichnoyi-diyalnosti-kved-0,True
kved_2010_64_30,kved_2010,64.30,"Трасти, фонди та подібні фінансові суб'єкти",K,Фінансова та страхова діяльність,64,64.3,True,2012-01-01,https://stat.gov.ua/uk/page-contents/klasyfikatsiya-vydiv-ekonomichnoyi-diyalnosti-kved-0,True
kved_2010_64_91,kved_2010,64.91,Фінансовий лізинг,K,Фінансова та страхова діяльність,64,64.9,True,2012-01-01,https://stat.gov.ua/uk/page-contents/klasyfikatsiya-vydiv-ekonomichnoyi-diyalnosti-kved-0,True
kved_2010_64_92,kved_2010,64.92,Інші види кредитування,K,Фінансова та страхова діяльність,64,64.9,True,2012-01-01,https://stat.gov.ua/uk/page-contents/klasyfikatsiya-vydiv-ekonomichnoyi-diyalnosti-kved-0,True
kved_2010_64_99,kved_2010,64.99,"Надання інших фінансових послуг (крім страхування та пенсійного забезпечення), н.в.і.у.",K,Фінансова та страхова діяльність,64,64.9,True,2012-01-01,https://stat.gov.ua/uk/page-contents/klasyfikatsiya-vydiv-ekonomichnoyi-diyalnosti-kved-0,True
kved_2010_65_11,kved_2010,65.11,Страхування життя,K,Фінансова та страхова діяльність,65,65.1,True,2012-01-01,https://stat.gov.ua/uk/page-contents/klasyfikatsiya-vydiv-ekonomichnoyi-diyalnosti-kved-0,True
kved_2010_65_12,kved_2010,65.12,"Інші види страхування, крім страхування життя",K,Фінансова та страхова діяльність,65,65.1,True,2012-01-01,https://stat.gov.ua/uk/page-contents/klasyfikatsiya-vydiv-ekonomichnoyi-diyalnosti-kved-0,True
kved_2010_65_20,kved_2010,65.20,Перестрахування,K,Фінансова та страхова діяльність,65,65.2,True,2012-01-01,https://stat.gov.ua/uk/page-contents/klasyfikatsiya-vydiv-ekonomichnoyi-diyalnosti-kved-0,True
kved_2010_65_30,kved_2010,65.30,Недержавне пенсійне забезпечення,K,Фінансова та страхова діяльність,65,65.3,True,2012-01-01,https://stat.gov.ua/uk/page-contents/klasyfikatsiya-vydiv-ekonomichnoyi-diyalnosti-kved-0,True
kved_2010_66_11,kved_2010,66.11,Управління фінансовими ринками,K,Фінансова та страхова діяльність,66,66.1,True,2012-01-01,https://stat.gov.ua/uk/page-contents/klasyfikatsiya-vydiv-ekonomichnoyi-diyalnosti-kved-0,True
kved_2010_66_12,kved_2010,66.12,Посередництво за договорами по цінних паперах або товарах,K,Фінансова та страхова діяльність,66,66.1,True,2012-01-01,https://stat.gov.ua/uk/page-contents/klasyfikatsiya-vydiv-ekonomichnoyi-diyalnosti-kved-0,True
kved_2010_66_19,kved_2010,66.19,"Інша допоміжна діяльність у сфері фінансових послуг, крім страхування та пенсійного забезпечення",K,Фінансова та страхова діяльність,66,66.1,True,2012-01-01,https://stat.gov.ua/uk/page-contents/klasyfikatsiya-vydiv-ekonomichnoyi-diyalnosti-kved-0,True
kved_2010_66_21,kved_2010,66.21,Оцінювання ризиків та завданої шкоди,K,Фінансова та страхова діяльність,66,66.2,True,2012-01-01,https://stat.gov.ua/uk/page-contents/klasyfikatsiya-vydiv-ekonomichnoyi-diyalnosti-kved-0,True
kved_2010_66_22,kved_2010,66.22,Діяльність страхових агентів і брокерів,K,Фінансова та страхова діяльність,66,66.2,True,2012-01-01,https://stat.gov.ua/uk/page-contents/klasyfikatsiya-vydiv-ekonomichnoyi-diyalnosti-kved-0,True
kved_2010_66_29,kved_2010,66.29,Інша допоміжна діяльність у сфері страхування та пенсійного забезпечення,K,Фінансова та страхова діяльність,66,66.2,True,2012-01-01,https://stat.gov.ua/uk/page-contents/klasyfikatsiya-vydiv-ekonomichnoyi-diyalnosti-kved-0,True
kved_2010_66_30,kved_2010,66.30,Управління фондами,K,Фінансова та страхова діяльність,66,66.3,True,2012-01-01,https://stat.gov.ua/uk/page-contents/klasyfikatsiya-vydiv-ekonomichnoyi-diyalnosti-kved-0,True
kved_2010_68_10,kved_2010,68.10,Купівля та продаж власного нерухомого майна,L,Операції з нерухомим майном,68,68.1,True,2012-01-01,https://stat.gov.ua/uk/page-contents/klasyfikatsiya-vydiv-ekonomichnoyi-diyalnosti-kved-0,True
kved_2010_68_20,kved_2010,68.20,Надання в оренду й експлуатацію власного чи орендованого нерухомого майна,L,Операції з нерухомим майном,68,68.2,True,2012-01-01,https://stat.gov.ua/uk/page-contents/klasyfikatsiya-vydiv-ekonomichnoyi-diyalnosti-kved-0,True
kved_2010_68_31,kved_2010,68.31,Агентства нерухомості,L,Операції з нерухомим майном,68,68.3,True,2012-01-01,https://stat.gov.ua/uk/page-contents/klasyfikatsiya-vydiv-ekonomichnoyi-diyalnosti-kved-0,True
kved_2010_68_32,kved_2010,68.32,Управління нерухомим майном за винагороду або на основі контракту,L,Операції з нерухомим майном,68,68.3,True,2012-01-01,https://stat.gov.ua/uk/page-contents/klasyfikatsiya-vydiv-ekonomichnoyi-diyalnosti-kved-0,True
kved_2010_69_10,kved_2010,69.10,Діяльність у сфері права,M,"Професійна, наукова та технічна діяльність",69,69.1,True,2012-01-01,https://stat.gov.ua/uk/page-contents/klasyfikatsiya-vydiv-ekonomichnoyi-diyalnosti-kved-0,True
kved_2010_69_20,kved_2010,69.20,Діяльність у сфері бухгалтерського обліку й аудиту; консультування з питань оподаткування,M,"Професійна, наукова та технічна діяльність",69,69.2,True,2012-01-01,https://stat.gov.ua/uk/page-contents/klasyfikatsiya-vydiv-ekonomichnoyi-diyalnosti-kved-0,True
kved_2010_70_10,kved_2010,70.10,Діяльність головних управлінь (хед-офісів),M,"Професійна, наукова та технічна діяльність",70,70.1,True,2012-01-01,https://stat.gov.ua/uk/page-contents/klasyfikatsiya-vydiv-ekonomichnoyi-diyalnosti-kved-0,True
kved_2010_70_21,kved_2010,70.21,Діяльність у сфері зв'язків із громадськістю,M,"Професійна, наукова та технічна діяльність",70,70.2,True,2012-01-01,https://stat.gov.ua/uk/page-contents/klasyfikatsiya-vydiv-ekonomichnoyi-diyalnosti-kved-0,True
kved_2010_70_22,kved_2010,70.22,Консультування з питань комерційної діяльності й керування,M,"Професійна, наукова та технічна діяльність",70,70.2,True,2012-01-01,https://stat.gov.ua/uk/page-contents/klasyfikatsiya-vydiv-ekonomichnoyi-diyalnosti-kved-0,True
kved_2010_71_11,kved_2010,71.11,Діяльність у сфері архітектури,M,"Професійна, наукова та технічна діяльність",71,71.1,True,2012-01-01,https://stat.gov.ua/uk/page-contents/klasyfikatsiya-vydiv-ekonomichnoyi-diyalnosti-kved-0,True
kved_2010_71_12,kved_2010,71.12,"Діяльність у сфері інжинірингу, геології та геодезії, надання послуг технічного консультування в цих сферах",M,"Професійна, наукова та технічна діяльність",71,71.1,True,2012-01-01,https://stat.gov.ua/uk/page-contents/klasyfikatsiya-vydiv-ekonomichnoyi-diyalnosti-kved-0,True
kved_2010_71_20,kved_2010,71.20,Технічні випробування та дослідження,M,"Професійна, наукова та технічна діяльність",71,71.2,True,2012-01-01,https://stat.gov.ua/uk/page-contents/klasyfikatsiya-vydiv-ekonomichnoyi-diyalnosti-kved-0,True
kved_2010_72_11,kved_2010,72.11,Дослідження й експериментальні розробки у сфері біотехнологій,M,"Професійна, наукова та технічна діяльність",72,72.1,True,2012-01-01,https://stat.gov.ua/uk/page-contents/klasyfikatsiya-vydiv-ekonomichnoyi-diyalnosti-kved-0,True
kved_2010_72_19,kved_2010,72.19,Дослідження й експериментальні розробки у сфері інших природничих і технічних наук,M,"Професійна, наукова та технічна діяльність",72,72.1,True,2012-01-01,https://stat.gov.ua/uk/page-contents/klasyfikatsiya-vydiv-ekonomichnoyi-diyalnosti-kved-0,True
kved_2010_72_20,kved_2010,72.20,Дослідження й експериментальні розробки у сфері суспільних і гуманітарних наук,M,"Професійна, наукова та технічна діяльність",72,72.2,True,2012-01-01,https://stat.gov.ua/uk/page-contents/klasyfikatsiya-vydiv-ekonomichnoyi-diyalnosti-kved-0,True
kved_2010_73_11,kved_2010,73.11,Рекламні агентства,M,"Професійна, наукова та технічна діяльність",73,73.1,True,2012-01-01,https://stat.gov.ua/uk/page-contents/klasyfikatsiya-vydiv-ekonomichnoyi-diyalnosti-kved-0,True
kved_2010_73_12,kved_2010,73.12,Посередництво в розміщенні реклами в засобах масової інформації,M,"Професійна, наукова та технічна діяльність",73,73.1,True,2012-01-01,https://stat.gov.ua/uk/page-contents/klasyfikatsiya-vydiv-ekonomichnoyi-diyalnosti-kved-0,True
kved_2010_73_20,kved_2010,73.20,Дослідження кон'юнктури ринку та виявлення громадської думки,M,"Професійна, наукова та технічна діяльність",73,73.2,True,2012-01-01,https://stat.gov.ua/uk/page-contents/klasyfikatsiya-vydiv-ekonomichnoyi-diyalnosti-kved-0,True
kved_2010_74_10,kved_2010,74.10,Спеціалізована діяльність із дизайну,M,"Професійна, наукова та технічна діяльність",74,74.1,True,2012-01-01,https://stat.gov.ua/uk/page-contents/klasyfikatsiya-vydiv-ekonomichnoyi-diyalnosti-kved-0,True
kved_2010_74_20,kved_2010,74.20,Діяльність у сфері фотографії,M,"Професійна, наукова та технічна діяльність",74,74.2,True,2012-01-01,https://stat.gov.ua/uk/page-contents/klasyfikatsiya-vydiv-ekonomichnoyi-diyalnosti-kved-0,True
kved_2010_74_30,kved_2010,74.30,Надання послуг перекладу,M,"Професійна, наукова та технічна діяльність",74,74.3,True,2012-01-01,https://stat.gov.ua/uk/page-contents/klasyfikatsiya-vydiv-ekonomichnoyi-diyalnosti-kved-0,True
kved_2010_74_90,kved_2010,74.90,"Інша професійна, наукова та технічна діяльність, н.в.і.у.",M,"Професійна, наукова та технічна діяльність",74,74.9,True,2012-01-01,https://stat.gov.ua/uk/page-contents/klasyfikatsiya-vydiv-ekonomichnoyi-diyalnosti-kved-0,True
kved_2010_75_00,kved_2010,75.00,Ветеринарна діяльність,M,"Професійна, наукова та технічна діяльність",75,75.0,True,2012-01-01,https://stat.gov.ua/uk/page-contents/klasyfikatsiya-vydiv-ekonomichnoyi-diyalnosti-kved-0,True
kved_2010_77_11,kved_2010,77.11,Надання в оренду автомобілів і легкових автотранспортних засобів,N,Діяльність у сфері адміністративного та допоміжного обслуговування,77,77.1,True,2012-01-01,https://stat.gov.ua/uk/page-contents/klasyfikatsiya-vydiv-ekonomichnoyi-diyalnosti-kved-0,True
kved_2010_77_12,kved_2010,77.12,Надання в оренду вантажних автомобілів,N,Діяльність у сфері адміністративного та допоміжного обслуговування,77,77.1,True,2012-01-01,https://stat.gov.ua/uk/page-contents/klasyfikatsiya-vydiv-ekonomichnoyi-diyalnosti-kved-0,True
kved_2010_77_21,kved_2010,77.21,Прокат товарів для спорту та відпочинку,N,Діяльність у сфері адміністративного та допоміжного обслуговування,77,77.2,True,2012-01-01,https://stat.gov.ua/uk/page-contents/klasyfikatsiya-vydiv-ekonomichnoyi-diyalnosti-kved-0,True
kved_2010_77_22,kved_2010,77.22,Прокат відеозаписів і дисків,N,Діяльність у сфері адміністративного та допоміжного обслуговування,77,77.2,True,2012-01-01,https://stat.gov.ua/uk/page-contents/klasyfikatsiya-vydiv-ekonomichnoyi-diyalnosti-kved-0,True
kved_2010_77_29,kved_2010,77.29,Прокат інших побутових виробів і предметів особистого вжитку,N,Діяльність у сфері адміністративного та допоміжного обслуговування,77,77.2,True,2012-01-01,https://stat.gov.ua/uk/page-contents/klasyfikatsiya-vydiv-ekonomichnoyi-diyalnosti-kved-0,True
kved_2010_77_31,kved_2010,77.31,Надання в оренду сільськогосподарських машин і устатковання,N,Діяльність у сфері адміністративного та допоміжного обслуговування,77,77.3,True,2012-01-01,https://stat.gov.ua/uk/page-contents/klasyfikatsiya-vydiv-ekonomichnoyi-diyalnosti-kved-0,True
kved_2010_77_32,kved_2010,77.32,Надання в оренду будівельних машин і устатковання,N,Діяльність у сфері адміністративного та допоміжного обслуговування,77,77.3,True,2012-01-01,https://stat.gov.ua/uk/page-contents/klasyfikatsiya-vydiv-ekonomichnoyi-diyalnosti-kved-0,True
kved_2010_77_33,kved_2010,77.33,"Надання в оренду офісних машин і устатковання, у тому числі комп'ютерів",N,Діяльність у сфері адміністративного та допоміжного обслуговування,77,77.3,True,2012-01-01,https://stat.gov.ua/uk/page-contents/klasyfikatsiya-vydiv-ekonomichnoyi-diyalnosti-kved-0,True
kved_2010_77_34,kved_2010,77.34,Надання в оренду водних транспортних засобів,N,Діяльність у сфері адміністративного та допоміжного обслуговування,77,77.3,True,2012-01-01,https://stat.gov.ua/uk/page-contents/klasyfikatsiya-vydiv-ekonomichnoyi-diyalnosti-kved-0,True
kved_2010_77_35,kved_2010,77.35,Надання в оренду повітряних транспортних засобів,N,Діяльність у сфері адміністративного та допоміжного обслуговування,77,77.3,True,2012-01-01,https://stat.gov.ua/uk/page-contents/klasyfikatsiya-vydiv-ekonomichnoyi-diyalnosti-kved-0,True
kved_2010_77_39,kved_2010,77.39,"Надання в оренду інших машин, устатковання та товарів, н.в.і.у.",N,Діяльність у сфері адміністративного та допоміжного обслуговування,77,77.3,True,2012-01-01,https://stat.gov.ua/uk/page-contents/klasyfikatsiya-vydiv-ekonomichnoyi-diyalnosti-kved-0,True
kved_2010_77_40,kved_2010,77.40,"Лізинг інтелектуальної власності та подібних продуктів, крім творів, захищених авторськими правами",N,Діяльність у сфері адміністративного та допоміжного обслуговування,77,77.4,True,2012-01-01,https://stat.gov.ua/uk/page-contents/klasyfikatsiya-vydiv-ekonomichnoyi-diyalnosti-kved-0,True
kved_2010_78_10,kved_2010,78.10,Діяльність агентств працевлаштування,N,Діяльність у сфері адміністративного та допоміжного обслуговування,78,78.1,True,2012-01-01,https://stat.gov.ua/uk/page-contents/klasyfikatsiya-vydiv-ekonomichnoyi-diyalnosti-kved-0,True
kved_2010_78_20,kved_2010,78.20,Діяльність агентств тимчасового працевлаштування,N,Діяльність у сфері адміністративного та допоміжного обслуговування,78,78.2,True,2012-01-01,https://stat.gov.ua/uk/page-contents/klasyfikatsiya-vydiv-ekonomichnoyi-diyalnosti-kved-0,True
kved_2010_78_30,kved_2010,78.30,Інша діяльність із забезпечення трудовими ресурсами,N,Діяльність у сфері адміністративного та допоміжного обслуговування,78,78.3,True,2012-01-01,https://stat.gov.ua/uk/page-contents/klasyfikatsiya-vydiv-ekonomichnoyi-diyalnosti-kved-0,True
kved_2010_79_11,kved_2010,79.11,Діяльність туристичних агентств,N,Діяльність у сфері адміністративного та допоміжного обслуговування,79,79.1,True,2012-01-01,https://stat.gov.ua/uk/page-contents/klasyfikatsiya-vydiv-ekonomichnoyi-diyalnosti-kved-0,True
kved_2010_79_12,kved_2010,79.12,Діяльність туристичних операторів,N,Діяльність у сфері адміністративного та допоміжного обслуговування,79,79.1,True,2012-01-01,https://stat.gov.ua/uk/page-contents/klasyfikatsiya-vydiv-ekonomichnoyi-diyalnosti-kved-0,True
kved_2010_79_90,kved_2010,79.90,Надання інших послуг бронювання та пов'язана з цим діяльність,N,Діяльність у сфері адміністративного та допоміжного обслуговування,79,79.9,True,2012-01-01,https://stat.gov.ua/uk/page-contents/klasyfikatsiya-vydiv-ekonomichnoyi-diyalnosti-kved-0,True
kved_2010_80_10,kved_2010,80.10,Діяльність приватних охоронних служб,N,Діяльність у сфері адміністративного та допоміжного обслуговування,80,80.1,True,2012-01-01,https://stat.gov.ua/uk/page-contents/klasyfikatsiya-vydiv-ekonomichnoyi-diyalnosti-kved-0,True
kved_2010_80_20,kved_2010,80.20,Обслуговування систем безпеки,N,Діяльність у сфері адміністративного та допоміжного обслуговування,80,80.2,True,2012-01-01,https://stat.gov.ua/uk/page-contents/klasyfikatsiya-vydiv-ekonomichnoyi-diyalnosti-kved-0,True
kved_2010_80_30,kved_2010,80.30,Проведення розслідувань,N,Діяльність у сфері адміністративного та допоміжного обслуговування,80,80.3,True,2012-01-01,https://stat.gov.ua/uk/page-contents/klasyfikatsiya-vydiv-ekonomichnoyi-diyalnosti-kved-0,True
kved_2010_81_10,kved_2010,81.10,Комплексне обслуговування об'єктів,N,Діяльність у сфері адміністративного та допоміжного обслуговування,81,81.1,True,2012-01-01,https://stat.gov.ua/uk/page-contents/klasyfikatsiya-vydiv-ekonomichnoyi-diyalnosti-kved-0,True
kved_2010_81_21,kved_2010,81.21,Загальне прибирання будинків,N,Діяльність у сфері адміністративного та допоміжного обслуговування,81,81.2,True,2012-01-01,https://stat.gov.ua/uk/page-contents/klasyfikatsiya-vydiv-ekonomichnoyi-diyalnosti-kved-0,True
kved_2010_81_22,kved_2010,81.22,Інша діяльність із прибирання будинків і промислових об'єктів,N,Діяльність у сфері адміністративного та допоміжного обслуговування,81,81.2,True,2012-01-01,https://stat.gov.ua/uk/page-contents/klasyfikatsiya-vydiv-ekonomichnoyi-diyalnosti-kved-0,True
kved_2010_81_29,kved_2010,81.29,Інші види діяльності із прибирання,N,Діяльність у сфері адміністративного та допоміжного обслуговування,81,81.2,True,2012-01-01,https://stat.gov.ua/uk/page-contents/klasyfikatsiya-vydiv-ekonomichnoyi-diyalnosti-kved-0,True
kved_2010_81_30,kved_2010,81.30,Надання ландшафтних послуг,N,Діяльність у сфері адміністративного та допоміжного обслуговування,81,81.3,True,2012-01-01,https://stat.gov.ua/uk/page-contents/klasyfikatsiya-vydiv-ekonomichnoyi-diyalnosti-kved-0,True
kved_2010_82_11,kved_2010,82.11,Надання комбінованих офісних адміністративних послуг,N,Діяльність у сфері адміністративного та допоміжного обслуговування,82,82.1,True,2012-01-01,https://stat.gov.ua/uk/page-contents/klasyfikatsiya-vydiv-ekonomichnoyi-diyalnosti-kved-0,True
kved_2010_82_19,kved_2010,82.19,"Фотокопіювання, підготування документів та інша спеціалізована допоміжна офісна діяльність",N,Діяльність у сфері адміністративного та допоміжного обслуговування,82,82.1,True,2012-01-01,https://stat.gov.ua/uk/page-contents/klasyfikatsiya-vydiv-ekonomichnoyi-diyalnosti-kved-0,True
kved_2010_82_20,kved_2010,82.20,Діяльність телефонних центрів,N,Діяльність у сфері адміністративного та допоміжного обслуговування,82,82.2,True,2012-01-01,https://stat.gov.ua/uk/page-contents/klasyfikatsiya-vydiv-ekonomichnoyi-diyalnosti-kved-0,True
kved_2010_82_30,kved_2010,82.30,Організування конгресів і торговельних виставок,N,Діяльність у сфері адміністративного та допоміжного обслуговування,82,82.3,True,2012-01-01,https://stat.gov.ua/uk/page-contents/klasyfikatsiya-vydiv-ekonomichnoyi-diyalnosti-kved-0,True
kved_2010_82_91,kved_2010,82.91,Діяльність агентств зі стягування платежів і бюро кредитних історій,N,Діяльність у сфері адміністративного та допоміжного обслуговування,82,82.9,True,2012-01-01,https://stat.gov.ua/uk/page-contents/klasyfikatsiya-vydiv-ekonomichnoyi-diyalnosti-kved-0,True
kved_2010_82_92,kved_2010,82.92,Пакування,N,Діяльність у сфері адміністративного та допоміжного обслуговування,82,82.9,True,2012-01-01,https://stat.gov.ua/uk/page-contents/klasyfikatsiya-vydiv-ekonomichnoyi-diyalnosti-kved-0,True
kved_2010_82_99,kved_2010,82.99,"Надання інших допоміжних комерційних послуг, н.в.і.у.",N,Діяльність у сфері адміністративного та допоміжного обслуговування,82,82.9,True,2012-01-01,https://stat.gov.ua/uk/page-contents/klasyfikatsiya-vydiv-ekonomichnoyi-diyalnosti-kved-0,True
kved_2010_84_11,kved_2010,84.11,Державне управління загального характеру,O,Державне управління й оборона; обов’язкове соціальне страхування,84,84.1,True,2012-01-01,https://stat.gov.ua/uk/page-contents/klasyfikatsiya-vydiv-ekonomichnoyi-diyalnosti-kved-0,True
kved_2010_84_12,kved_2010,84.12,"Регулювання у сферах охорони здоров'я, освіти, культури та інших соціальних сферах, крім обов'язкового соціального страхування",O,Державне управління й оборона; обов’язкове соціальне страхування,84,84.1,True,2012-01-01,https://stat.gov.ua/uk/page-contents/klasyfikatsiya-vydiv-ekonomichnoyi-diyalnosti-kved-0,True
kved_2010_84_13,kved_2010,84.13,Регулювання та сприяння ефективному веденню економічної діяльності,O,Державне управління й оборона; обов’язкове соціальне страхування,84,84.1,True,2012-01-01,https://stat.gov.ua/uk/page-contents/klasyfikatsiya-vydiv-ekonomichnoyi-diyalnosti-kved-0,True
kved_2010_84_21,kved_2010,84.21,Міжнародна діяльність,O,Державне управління й оборона; обов’язкове соціальне страхування,84,84.2,True,2012-01-01,https://stat.gov.ua/uk/page-contents/klasyfikatsiya-vydiv-ekonomichnoyi-diyalnosti-kved-0,True
kved_2010_84_22,kved_2010,84.22,Діяльність у сфері оборони,O,Державне управління й оборона; обов’язкове соціальне страхування,84,84.2,True,2012-01-01,https://stat.gov.ua/uk/page-contents/klasyfikatsiya-vydiv-ekonomichnoyi-diyalnosti-kved-0,True
kved_2010_84_23,kved_2010,84.23,Діяльність у сфері юстиції та правосуддя,O,Державне управління й оборона; обов’язкове соціальне страхування,84,84.2,True,2012-01-01,https://stat.gov.ua/uk/page-contents/klasyfikatsiya-vydiv-ekonomichnoyi-diyalnosti-kved-0,True
kved_2010_84_24,kved_2010,84.24,Діяльність у сфері охорони громадського порядку та безпеки,O,Державне управління й оборона; обов’язкове соціальне страхування,84,84.2,True,2012-01-01,https://stat.gov.ua/uk/page-contents/klasyfikatsiya-vydiv-ekonomichnoyi-diyalnosti-kved-0,True
kved_2010_84_25,kved_2010,84.25,Діяльність пожежних служб,O,Державне управління й оборона; обов’язкове соціальне страхування,84,84.2,True,2012-01-01,https://stat.gov.ua/uk/page-contents/klasyfikatsiya-vydiv-ekonomichnoyi-diyalnosti-kved-0,True
kved_2010_84_30,kved_2010,84.30,Діяльність у сфері обов'язкового соціального страхування,O,Державне управління й оборона; обов’язкове соціальне страхування,84,84.3,True,2012-01-01,https://stat.gov.ua/uk/page-contents/klasyfikatsiya-vydiv-ekonomichnoyi-diyalnosti-kved-0,True
kved_2010_85_10,kved_2010,85.10,Дошкільна освіта,P,Освіта,85,85.1,True,2012-01-01,https://stat.gov.ua/uk/page-contents/klasyfikatsiya-vydiv-ekonomichnoyi-diyalnosti-kved-0,True
kved_2010_85_20,kved_2010,85.20,Початкова освіта,P,Освіта,85,85.2,True,2012-01-01,https://stat.gov.ua/uk/page-contents/klasyfikatsiya-vydiv-ekonomichnoyi-diyalnosti-kved-0,True
kved_2010_85_31,kved_2010,85.31,Загальна середня освіта,P,Освіта,85,85.3,True,2012-01-01,https://stat.gov.ua/uk/page-contents/klasyfikatsiya-vydiv-ekonomichnoyi-diyalnosti-kved-0,True
kved_2010_85_32,kved_2010,85.32,Професійно-технічна освіта,P,Освіта,85,85.3,True,2012-01-01,https://stat.gov.ua/uk/page-contents/klasyfikatsiya-vydiv-ekonomichnoyi-diyalnosti-kved-0,True
kved_2010_85_41,kved_2010,85.41,Фахова передвища освіта,P,Освіта,85,85.4,True,2012-01-01,https://stat.gov.ua/uk/page-contents/klasyfikatsiya-vydiv-ekonomichnoyi-diyalnosti-kved-0,True
kved_2010_85_42,kved_2010,85.42,Вища освіта,P,Освіта,85,85.4,True,2012-01-01,https://stat.gov.ua/uk/page-contents/klasyfikatsiya-vydiv-ekonomichnoyi-diyalnosti-kved-0,True
kved_2010_85_51,kved_2010,85.51,Освіта у сфері спорту та відпочинку,P,Освіта,85,85.5,True,2012-01-01,https://stat.gov.ua/uk/page-contents/klasyfikatsiya-vydiv-ekonomichnoyi-diyalnosti-kved-0,True
kved_2010_85_52,kved_2010,85.52,Освіта у сфері культури,P,Освіта,85,85.5,True,2012-01-01,https://stat.gov.ua/uk/page-contents/klasyfikatsiya-vydiv-ekonomichnoyi-diyalnosti-kved-0,True
kved_2010_85_53,kved_2010,85.53,Діяльність шкіл підготовки водіїв транспортних засобів,P,Освіта,85,85.5,True,2012-01-01,https://stat.gov.ua/uk/page-contents/klasyfikatsiya-vydiv-ekonomichnoyi-diyalnosti-kved-0,True
kved_2010_85_59,kved_2010,85.59,"Інші види освіти, н.в.і.у.",P,Освіта,85,85.5,True,2012-01-01,https://stat.gov.ua/uk/page-contents/klasyfikatsiya-vydiv-ekonomichnoyi-diyalnosti-kved-0,True
kved_2010_85_60,kved_2010,85.60,Допоміжна діяльність у сфері освіти,P,Освіта,85,85.6,True,2012-01-01,https://stat.gov.ua/uk/page-contents/klasyfikatsiya-vydiv-ekonomichnoyi-diyalnosti-kved-0,True
kved_2010_86_10,kved_2010,86.10,Діяльність лікарняних закладів,Q,Охорона здоров’я та надання соціальної допомоги,86,86.1,True,2012-01-01,https://stat.gov.ua/uk/page-contents/klasyfikatsiya-vydiv-ekonomichnoyi-diyalnosti-kved-0,True
kved_2010_86_21,kved_2010,86.21,Загальна медична практика,Q,Охорона здоров’я та надання соціальної допомоги,86,86.2,True,2012-01-01,https://stat.gov.ua/uk/page-contents/klasyfikatsiya-vydiv-ekonomichnoyi-diyalnosti-kved-0,True
kved_2010_86_22,kved_2010,86.22,Спеціалізована медична практика,Q,Охорона здоров’я та надання соціальної допомоги,86,86.2,True,2012-01-01,https://stat.gov.ua/uk/page-contents/klasyfikatsiya-vydiv-ekonomichnoyi-diyalnosti-kved-0,True
kved_2010_86_23,kved_2010,86.23,Стоматологічна практика,Q,Охорона здоров’я та надання соціальної допомоги,86,86.2,True,2012-01-01,https://stat.gov.ua/uk/page-contents/klasyfikatsiya-vydiv-ekonomichnoyi-diyalnosti-kved-0,True
kved_2010_86_90,kved_2010,86.90,Інша діяльність у сфері охорони здоров'я,Q,Охорона здоров’я та надання соціальної допомоги,86,86.9,True,2012-01-01,https://stat.gov.ua/uk/page-contents/klasyfikatsiya-vydiv-ekonomichnoyi-diyalnosti-kved-0,True
kved_2010_87_10,kved_2010,87.10,Діяльність із догляду за хворими із забезпеченням проживання,Q,Охорона здоров’я та надання соціальної допомоги,87,87.1,True,2012-01-01,https://stat.gov.ua/uk/page-contents/klasyfikatsiya-vydiv-ekonomichnoyi-diyalnosti-kved-0,True
kved_2010_87_20,kved_2010,87.20,Надання послуг догляду із забезпеченням проживання для осіб з розумовими вадами та хворих на наркоманію,Q,Охорона здоров’я та надання соціальної допомоги,87,87.2,True,2012-01-01,https://stat.gov.ua/uk/page-contents/klasyfikatsiya-vydiv-ekonomichnoyi-diyalnosti-kved-0,True
kved_2010_87_30,kved_2010,87.30,Надання послуг догляду із забезпеченням проживання для осіб похилого віку та інвалідів,Q,Охорона здоров’я та надання соціальної допомоги,87,87.3,True,2012-01-01,https://stat.gov.ua/uk/page-contents/klasyfikatsiya-vydiv-ekonomichnoyi-diyalnosti-kved-0,True
kved_2010_87_90,kved_2010,87.90,Надання інших послуг догляду із забезпеченням проживання,Q,Охорона здоров’я та надання соціальної допомоги,87,87.9,True,2012-01-01,https://stat.gov.ua/uk/page-contents/klasyfikatsiya-vydiv-ekonomichnoyi-diyalnosti-kved-0,True
kved_2010_88_10,kved_2010,88.10,Надання соціальної допомоги без забезпечення проживання для осіб похилого віку та інвалідів,Q,Охорона здоров’я та надання соціальної допомоги,88,88.1,True,2012-01-01,https://stat.gov.ua/uk/page-contents/klasyfikatsiya-vydiv-ekonomichnoyi-diyalnosti-kved-0,True
kved_2010_88_91,kved_2010,88.91,Денний догляд за дітьми,Q,Охорона здоров’я та надання соціальної допомоги,88,88.9,True,2012-01-01,https://stat.gov.ua/uk/page-contents/klasyfikatsiya-vydiv-ekonomichnoyi-diyalnosti-kved-0,True
kved_2010_88_99,kved_2010,88.99,"Надання іншої соціальної допомоги без забезпечення проживання, н.в.і.у.",Q,Охорона здоров’я та надання соціальної допомоги,88,88.9,True,2012-01-01,https://stat.gov.ua/uk/page-contents/klasyfikatsiya-vydiv-ekonomichnoyi-diyalnosti-kved-0,True
kved_2010_90_01,kved_2010,90.01,Театральна та концертна діяльність,R,"Мистецтво, спорт, розваги та відпочинок",90,90.0,True,2012-01-01,https://stat.gov.ua/uk/page-contents/klasyfikatsiya-vydiv-ekonomichnoyi-diyalnosti-kved-0,True
kved_2010_90_02,kved_2010,90.02,Діяльність із підтримки театральних і концертних заходів,R,"Мистецтво, спорт, розваги та відпочинок",90,90.0,True,2012-01-01,https://stat.gov.ua/uk/page-contents/klasyfikatsiya-vydiv-ekonomichnoyi-diyalnosti-kved-0,True
kved_2010_90_03,kved_2010,90.03,Індивідуальна мистецька діяльність,R,"Мистецтво, спорт, розваги та відпочинок",90,90.0,True,2012-01-01,https://stat.gov.ua/uk/page-contents/klasyfikatsiya-vydiv-ekonomichnoyi-diyalnosti-kved-0,True
kved_2010_90_04,kved_2010,90.04,Функціювання театральних і концертних залів,R,"Мистецтво, спорт, розваги та відпочинок",90,90.0,True,2012-01-01,https://stat.gov.ua/uk/page-contents/klasyfikatsiya-vydiv-ekonomichnoyi-diyalnosti-kved-0,True
kved_2010_91_01,kved_2010,91.01,Функціювання бібліотек і архівів,R,"Мистецтво, спорт, розваги та відпочинок",91,91.0,True,2012-01-01,https://stat.gov.ua/uk/page-contents/klasyfikatsiya-vydiv-ekonomichnoyi-diyalnosti-kved-0,True
kved_2010_91_02,kved_2010,91.02,Функціювання музеїв,R,"Мистецтво, спорт, розваги та відпочинок",91,91.0,True,2012-01-01,https://stat.gov.ua/uk/page-contents/klasyfikatsiya-vydiv-ekonomichnoyi-diyalnosti-kved-0,True
kved_2010_91_03,kved_2010,91.03,"Діяльність із охорони та використання пам'яток історії, будівель та інших пам'яток культури",R,"Мистецтво, спорт, розваги та відпочинок",91,91.0,True,2012-01-01,https://stat.gov.ua/uk/page-contents/klasyfikatsiya-vydiv-ekonomichnoyi-diyalnosti-kved-0,True
kved_2010_91_04,kved_2010,91.04,"Функціювання ботанічних садів, зоопарків і природних заповідників",R,"Мистецтво, спорт, розваги та відпочинок",91,91.0,True,2012-01-01,https://stat.gov.ua/uk/page-contents/klasyfikatsiya-vydiv-ekonomichnoyi-diyalnosti-kved-0,True
kved_2010_92_00,kved_2010,92.00,Організування азартних ігор,R,"Мистецтво, спорт, розваги та відпочинок",92,92.0,True,2012-01-01,https://stat.gov.ua/uk/page-contents/klasyfikatsiya-vydiv-ekonomichnoyi-diyalnosti-kved-0,True
kved_2010_93_11,kved_2010,93.11,Функціювання спортивних споруд,R,"Мистецтво, спорт, розваги та відпочинок",93,93.1,True,2012-01-01,https://stat.gov.ua/uk/page-contents/klasyfikatsiya-vydiv-ekonomichnoyi-diyalnosti-kved-0,True
kved_2010_93_12,kved_2010,93.12,Діяльність спортивних клубів,R,"Мистецтво, спорт, розваги та відпочинок",93,93.1,True,2012-01-01,https://stat.gov.ua/uk/page-contents/klasyfikatsiya-vydiv-ekonomichnoyi-diyalnosti-kved-0,True
kved_2010_93_13,kved_2010,93.13,Діяльність фітнес-центрів,R,"Мистецтво, спорт, розваги та відпочинок",93,93.1,True,2012-01-01,https://stat.gov.ua/uk/page-contents/klasyfikatsiya-vydiv-ekonomichnoyi-diyalnosti-kved-0,True
kved_2010_93_19,kved_2010,93.19,Інша діяльність у сфері спорту,R,"Мистецтво, спорт, розваги та відпочинок",93,93.1,True,2012-01-01,https://stat.gov.ua/uk/page-contents/klasyfikatsiya-vydiv-ekonomichnoyi-diyalnosti-kved-0,True
kved_2010_93_21,kved_2010,93.21,Функціювання атракціонів і тематичних парків,R,"Мистецтво, спорт, розваги та відпочинок",93,93.2,True,2012-01-01,https://stat.gov.ua/uk/page-contents/klasyfikatsiya-vydiv-ekonomichnoyi-diyalnosti-kved-0,True
kved_2010_93_29,kved_2010,93.29,Організування інших видів відпочинку та розваг,R,"Мистецтво, спорт, розваги та відпочинок",93,93.2,True,2012-01-01,https://stat.gov.ua/uk/page-contents/klasyfikatsiya-vydiv-ekonomichnoyi-diyalnosti-kved-0,True
kved_2010_94_11,kved_2010,94.11,Діяльність організацій промисловців і підприємців,S,Надання інших видів послуг,94,94.1,True,2012-01-01,https://stat.gov.ua/uk/page-contents/klasyfikatsiya-vydiv-ekonomichnoyi-diyalnosti-kved-0,True
kved_2010_94_12,kved_2010,94.12,Діяльність професійних громадських організацій,S,Надання інших видів послуг,94,94.1,True,2012-01-01,https://stat.gov.ua/uk/page-contents/klasyfikatsiya-vydiv-ekonomichnoyi-diyalnosti-kved-0,True
kved_2010_94_20,kved_2010,94.20,Діяльність професійних спілок,S,Надання інших видів послуг,94,94.2,True,2012-01-01,https://stat.gov.ua/uk/page-contents/klasyfikatsiya-vydiv-ekonomichnoyi-diyalnosti-kved-0,True
kved_2010_94_91,kved_2010,94.91,Діяльність релігійних організацій,S,Надання інших видів послуг,94,94.9,True,2012-01-01,https://stat.gov.ua/uk/page-contents/klasyfikatsiya-vydiv-ekonomichnoyi-diyalnosti-kved-0,True
kved_2010_94_92,kved_2010,94.92,Діяльність політичних організацій,S,Надання інших видів послуг,94,94.9,True,2012-01-01,https://stat.gov.ua/uk/page-contents/klasyfikatsiya-vydiv-ekonomichnoyi-diyalnosti-kved-0,True
kved_2010_94_99,kved_2010,94.99,"Діяльність інших громадських організацій, н.в.і.у.",S,Надання інших видів послуг,94,94.9,True,2012-01-01,https://stat.gov.ua/uk/page-contents/klasyfikatsiya-vydiv-ekonomichnoyi-diyalnosti-kved-0,True
kved_2010_95_11,kved_2010,95.11,Ремонт комп'ютерів і периферійного устатковання,S,Надання інших видів послуг,95,95.1,True,2012-01-01,https://stat.gov.ua/uk/page-contents/klasyfikatsiya-vydiv-ekonomichnoyi-diyalnosti-kved-0,True
kved_2010_95_12,kved_2010,95.12,Ремонт обладнання зв'язку,S,Надання інших видів послуг,95,95.1,True,2012-01-01,https://stat.gov.ua/uk/page-contents/klasyfikatsiya-vydiv-ekonomichnoyi-diyalnosti-kved-0,True
kved_2010_95_21,kved_2010,95.21,"Ремонт електронної апаратури побутового призначення для приймання, записування, відтворювання звуку й зображення",S,Надання інших видів послуг,95,95.2,True,2012-01-01,https://stat.gov.ua/uk/page-contents/klasyfikatsiya-vydiv-ekonomichnoyi-diyalnosti-kved-0,True
kved_2010_95_22,kved_2010,95.22,"Ремонт побутових приладів, домашнього та садового обладнання",S,Надання інших видів послуг,95,95.2,True,2012-01-01,https://stat.gov.ua/uk/page-contents/klasyfikatsiya-vydiv-ekonomichnoyi-diyalnosti-kved-0,True
kved_2010_95_23,kved_2010,95.23,Ремонт взуття та шкіряних виробів,S,Надання інших видів послуг,95,95.2,True,2012-01-01,https://stat.gov.ua/uk/page-contents/klasyfikatsiya-vydiv-ekonomichnoyi-diyalnosti-kved-0,True
kved_2010_95_24,kved_2010,95.24,Ремонт меблів і домашнього начиння,S,Надання інших видів послуг,95,95.2,True,2012-01-01,https://stat.gov.ua/uk/page-contents/klasyfikatsiya-vydiv-ekonomichnoyi-diyalnosti-kved-0,True
kved_2010_95_25,kved_2010,95.25,Ремонт годинників і ювелірних виробів,S,Надання інших видів послуг,95,95.2,True,2012-01-01,https://stat.gov.ua/uk/page-contents/klasyfikatsiya-vydiv-ekonomichnoyi-diyalnosti-kved-0,True
kved_2010_95_29,kved_2010,95.29,Ремонт інших побутових виробів і предметів особистого вжитку,S,Надання інших видів послуг,95,95.2,True,2012-01-01,https://stat.gov.ua/uk/page-contents/klasyfikatsiya-vydiv-ekonomichnoyi-diyalnosti-kved-0,True
kved_2010_96_01,kved_2010,96.01,Прання та хімічне чищення текстильних і хутряних виробів,S,Надання інших видів послуг,96,96.0,True,2012-01-01,https://stat.gov.ua/uk/page-contents/klasyfikatsiya-vydiv-ekonomichnoyi-diyalnosti-kved-0,True
kved_2010_96_02,kved_2010,96.02,Надання послуг перукарнями та салонами краси,S,Надання інших видів послуг,96,96.0,True,2012-01-01,https://stat.gov.ua/uk/page-contents/klasyfikatsiya-vydiv-ekonomichnoyi-diyalnosti-kved-0,True
kved_2010_96_03,kved_2010,96.03,Організування поховань і надання суміжних послуг,S,Надання інших видів послуг,96,96.0,True,2012-01-01,https://stat.gov.ua/uk/page-contents/klasyfikatsiya-vydiv-ekonomichnoyi-diyalnosti-kved-0,True
kved_2010_96_04,kved_2010,96.04,Діяльність із забезпечення фізичного комфорту,S,Надання інших видів послуг,96,96.0,True,2012-01-01,https://stat.gov.ua/uk/page-contents/klasyfikatsiya-vydiv-ekonomichnoyi-diyalnosti-kved-0,True
kved_2010_96_09,kved_2010,96.09,"Надання інших індивідуальних послуг, н.в.і.у.",S,Надання інших видів послуг,96,96.0,True,2012-01-01,https://stat.gov.ua/uk/page-contents/klasyfikatsiya-vydiv-ekonomichnoyi-diyalnosti-kved-0,True
kved_2010_97_00,kved_2010,97.00,Діяльність домашніх господарств як роботодавців для домашньої прислуги,T,Діяльність домашніх господарств,97,97.0,True,2012-01-01,https://stat.gov.ua/uk/page-contents/klasyfikatsiya-vydiv-ekonomichnoyi-diyalnosti-kved-0,True
kved_2010_98_10,kved_2010,98.10,Діяльність домашніх господарств як виробників товарів для власного споживання,T,Діяльність домашніх господарств,98,98.1,True,2012-01-01,https://stat.gov.ua/uk/page-contents/klasyfikatsiya-vydiv-ekonomichnoyi-diyalnosti-kved-0,True
kved_2010_98_20,kved_2010,98.20,Діяльність домашніх господарств як виробників послуг для власного споживання,T,Діяльність домашніх господарств,98,98.2,True,2012-01-01,https://stat.gov.ua/uk/page-contents/klasyfikatsiya-vydiv-ekonomichnoyi-diyalnosti-kved-0,True
kved_2010_99_00,kved_2010,99.00,Діяльність екстериторіальних організацій і органів,U,Діяльність екстериторіальних організацій і органів,99,99.0,True,2012-01-01,https://stat.gov.ua/uk/page-contents/klasyfikatsiya-vydiv-ekonomichnoyi-diyalnosti-kved-0,True
